"ID","Term_Description","Fold_Enrichment","occurrence","support","lowest_p","highest_p","Up_regulated","Down_regulated"
"GO:0003735","structural constituent of ribosome",1.5453857,10,0.645,5.9e-75,3.9e-61,"RPL7A, RPL36A, RPS3A, RPS10, RPS17, MRPS22,
MRPS14","FAU, RPSA, RPL3, RPL7A, RPL8, RPL10, RPL11, RPL12,
RPL13, RPL18, RPL18A, RPL19, RPL23A, RPL24, RPL27, RPL27A, RPL28, RPL29,
RPL32, RPL37, RPL37A, RPL38, RPL39, RPLP0, RPLP1, RPLP2, MRPS12, RPS2,
RPS3, RPS4X, RPS5, RPS9, RPS11, RPS12, RPS13, RPS14, RPS15, RPS15A,
RPS16, RPS19, RPS20, RPS23, RPS26, RPS28, RPS29, UBA52, RPL14, RPL23,
RPL35, RPL13A, RPL36, MRPS18B, MRPS16, MRPS7, MRPS2, MRPL51, MRPS21,
MRPS18A, MRPS15, MRPS11, MRPL41, MRPS34, MRPL57, MRPL52, MRPL10,
MRPL55"
"GO:0004674","protein serine/threonine kinase activity",1.5149931,10,0.35,2e-63,7.5e-45,"ACVR2A, ACVR2B, ATM, ATR, BMPR1A, BMPR1B, BRAF, BUB1,
CAMK2D, CDK1, CHEK1, CLK1, MAPK14, CSNK1A1, CSNK1G3, CSNK2A1, DAPK1,
DYRK1A, GSK3B, ILK, MARK3, MAP3K1, NEK2, PAK2, PRKAA1, PRKACB, PRKCE,
PRKCI, PKN2, PRKD1, PRKDC, MAPK6, MAPK8, MAP2K6, EIF2AK2, ROCK1,
RPS6KA3, RPS6KB1, SRPK1, SRPK2, NEK4, STK3, STK4, CDKL5, TAF1, MAP3K7,
TGFBR1, TOP1, TTN, VRK1, VRK2, DYRK2, CDC42BPA, MAP4K3, MAPKAPK5, CASK,
RIOK3, CPNE3, LATS1, RPS6KA5, STK17B, STK17A, MAP4K4, EIF2AK3, ROCK2,
ULK2, SLK, MELK, TLK1, OXSR1, AKT3, HIPK3, PLK4, TLK2, MAP4K5, IRAK3,
STK38L, SMG1, PASK, STK39, TBK1, IRAK4, TAOK3, NLK, CSNK1G1, SNRK, PBK,
CLK4, TAOK1, WNK4, WNK3, TSSK3, MASTL, LRRK2, UHMK1, NEK7, TTBK2,
PIKFYVE, TSSK4, EIF2AK4","ACVR1B, ACVRL1, AKT1, AKT2, ARAF, CAMK2A, CDK11B,
CDK5, CDK9, CLK3, PLK3, CSNK1D, CSNK1E, CSNK1G2, CSNK2A2, CSNK2B, DAPK3,
MARK2, MKNK2, GSK3A, IRAK1, LIMK1, LIMK2, MAP3K9, MAP3K10, MAP3K11,
PAK1, CDK16, PHKG2, PIM1, PRKACA, PRKCB, PRKCD, PRKCZ, MAPK3, MAPK11,
MAPK13, MAP2K2, MAP4K2, RPS6KA1, RPS6KB2, STK11, SYK, MAPKAPK3, ULK1,
MKNK1, RPS6KA4, BRSK2, PKMYT1, AURKB, MAPKAPK2, TAOK2, IKBKE, NUAK1,
BCKDK, PAK4, ERN2, FASTK, RIPK3, PIM2, MAP4K1, MAST1, SIK3, DAPK2,
PRKD2, ULK3, MINK1, CDC42BPG, MARK4, PINK1, WNK2, NUAK2, PIM3"
"GO:0003723","RNA binding",1.4741996,10,0.745,2.8e-59,2.7e-41,"BARD1, BRCA1, DDX3X, DHX9, DHX15, DKC1, FMR1, GRSF1,
HNRNPA2B1, HNRNPH1, AGFG1, IREB2, CAPRIN1, MBNL1, NPM1, RNASEL, SRSF1,
SRSF3, SRSF6, TRA2B, SNRPD3, SON, SRP9, SRP19, SSB, TIA1, HSP90B1, YY1,
FXR1, DUSP11, EIF3A, RNMT, DZIP3, ZBED4, RBM7, C1D, RAD51AP1, KHDRBS3,
KHDRBS1, SRSF10, PPARGC1A, NUDT21, CPSF6, SCAF8, CPEB3, NCBP2, KIN,
PUM2, SF3B1, ADAT1, IFIT5, UNC50, SERBP1, NUFIP1, PABPC1, RBMX, MEX3C,
CRNKL1, CPSF3, PSPC1, NUFIP2, CWC22, IFIH1, RBM15, RPF1, MEX3B, NIFK,
YTHDC1, NAF1, RBM45, RBM33, DHX36, YTHDF3","DRG2, EIF4G1, EIF5A, ELAVL1, FUS, HMGA1, IGHMBP2,
MOV10, NOVA2, PCBP1, PCBP2, RANGAP1, UPF1, RPL19, MRPL23, RPL37, RPL38,
RPL39, MRPL12, RPS3, RPS14, RPS16, SNRPA, SNRPB, SNRPF, SF1, NELFE,
TAF15, RAE1, EIF3B, EIF3D, EIF3G, ENDOU, NOL3, SETD1A, SF3A1, EMG1,
RNPS1, RBPMS, DDX19B, DHX30, EXOSC7, ZC3H4, PRPF6, CCDC9, SND1, GPKOW,
RBM15B, MOV10L1, WRAP53, NOP10, NHP2, MEPCE, SCAF4, TUT1, METTL16,
ZC3H12A, ZBP1, SF3B5, APOBEC3F, PATL1"
"GO:0031625","ubiquitin protein ligase binding",1.4331539,10,0.8075,8.3e-41,3.7e-27,"APC, BRCA1, CASP8, CDKN1B, CTNNB1, DBT, GPR37, GSK3B,
HIF1A, UBE2K, HSPA5, HSP90AA1, HSPD1, KCNH2, SMAD5, MAGEA2, MDM2, ATXN3,
TRIM37, NFE2L2, PRKACB, PRKAR1A, PRKAR2A, PRKAR2B, RALA, RALB, RB1,
HLTF, TGFBR1, TRAF5, SUMO1, CUL5, FZD6, SPOP, CUL4A, CUL3, CUL2, CUL1,
BLZF1, NAE1, BCL10, USP13, RNF8, BAG4, TANK, DNM1L, LRPPRC, ABI2, CCT2,
PPARGC1A, GLMN, ERLIN2, ARIH1, UBXN7, UBE2T, USP25, UBE2J1, JKAMP, NLK,
DET1, FANCL, UBE2W, YOD1, RAD18, ANKRA2, MOAP1, SMC6, SLF1, CCDC50,
ZNF675, SHPRH, MAGEA2B","ACTG1, ACVR1B, APBB1, ARRB1, ARRB2, AUP1, CALR, CD40,
CDKN1A, CKB, CLU, DAXX, DTX1, EGFR, FHIT, GPI, HSPA1A, HSPA1B, JUN,
LTBR, SMAD3, SMAD6, MC1R, NDUFS2, NEDD8, NFKBIA, SLC22A18, PA2G4, PCBP2,
PER1, PML, POLR2A, PRKACA, RELA, RPL11, SKI, TNFRSF1B, TP53, TPI1,
TRAF2, UBE2L3, UQCRC1, VCP, WFS1, LAPTM5, BAG6, AXIN1, AXIN2, FZD8,
IKBKG, TNFRSF14, SQSTM1, HERC2, USP2, RPL23, EIF4E2, PRDX6, SNCAIP,
IKBKE, KDM4A, RNF40, MFN2, RBX1, HDAC6, SCAMP3, TRIM28, TNK2, STUB1,
TUBA1B, RRAGA, TRIOBP, CASC3, UBOX5, FAF2, PATZ1, HSPBP1, GABARAPL1,
UBXN1, PIAS4, WRAP53, OTUB1, AMBRA1, PINK1, MUL1, HM13, MAP1LC3A, NKD2,
FATE1, ARRDC1, UBE2J2, TUBB"
"GO:0004843","cysteine-type deubiquitinase activity",1.459531,10,0.045,2.7e-39,2.5e-16,"CYLD, ATXN3, USP1, USP9X, USP13, USP14, USP10, USP8,
USP34, USP15, TANK, USP16, USP33, OTUD3, USP24, USP49, USP25, DESI2,
UCHL5, OTUD6B, OTUD4, USP47, YOD1, USP28, USP37, USP46, VCPIP1, USP42,
USP38, USP45, OTULIN, USP12, USP50","TNFAIP3, USP4, USP5, USP11, BAP1, USP2, USP20, USP19,
USP21, OTUD5, OTUB1, USP35, USP36, OTUB2, ZC3H12A, JOSD2, OTUD7A"
"GO:0004672","protein kinase activity",1.3879853,10,0.165,3.2e-39,8.1e-29,"ATR, BRAF, BUB1, CDK1, CDK8, CHEK1, CHUK, CSNK1A1,
CSNK1G3, DAPK1, DYRK1A, GSK3B, MAP3K1, NEK1, NEK2, PAK2, CDK17, PDK1,
PRKAA1, PRKCE, PRKCI, PKN2, PRKDC, PRKG1, EIF2AK2, ROCK1, RPS6KA3,
RPS6KB1, MAP2K4, SRPK1, STK3, STK4, CDKL5, TAF1, TGFBR1, VRK1, CDC7,
MAP4K3, CDK13, STK17B, EIF2AK3, AKT3, HIPK3, MAP3K2, MAP4K5, SMG1, MMD,
SGK3, NME7, CDKL3, NLK, CDK12, STK26, TAOK1, WNK3, STRADA, LRRK2, TTBK2,
NEK10","ABL1, AKT1, ARAF, CDK11B, CDK5, CDK9, CSNK1D, CSNK1E,
EPHA1, EPHA4, IRAK1, MAP3K3, MAP3K10, MAP3K11, PAK1, PDGFRB, PDK2,
PRKAB1, PRKACA, PRKCD, PRKCH, PRKCQ, PRKCZ, RPS6KB2, CCL3, CCL5, SYK,
TESK1, DYRK1B, MAPKAPK2, STK25, RIPK3, PRKD2, HSPB8, PKN3, MINK1, PINK1,
PKDCC"
"GO:0004842","ubiquitin-protein transferase activity",1.5128284,10,0.2975,3.6e-39,4.1e-12,"BIRC2, XIAP, TRIM23, BARD1, BRCA1, ERCC8, UBE2K,
MDM2, TRIM37, RBBP6, RNF2, RNF6, SIAH1, UBE2D1, UBE2D3, UBE2E1, UBE3A,
VHL, CUL5, CUL3, CUL2, DZIP3, PJA2, TRIM13, TOPORS, ARIH2, UBE2E3,
MALT1, WWP1, RNF139, RNF13, TRIM2, ARIH1, RCHY1, FBXW2, FBXL3, FBXO22,
FBXO4, FBXO3, RNF115, KLHL20, UBE2T, MYLIP, ANAPC4, RLIM, DTL, TRIM33,
FANCL, UBE2W, TRIM36, KLHL9, BIRC6, HACE1, MIB1, KLHL42, COP1, SMURF2,
RMND5A, CBLL1, ZFP91, ITCH, TRIM4, KLHL13, UBE2Q2, UHRF2, UBR3, ZNF738,
RC3H1, RNF182, SHPRH","CDC34, DDB2, RNF5, SIAH2, TRIM21, TNFAIP1, TNFAIP3,
TRAF2, UBE2D2, UBE2L3, TRIM25, UBE2M, UBE2L6, RNF40, AREL1, KLHL21,
RBX1, HUWE1, TRIM28, STUB1, RBCK1, WWP2, UBE2C, MGRN1, NEDD4L, RNF167,
FBXO2, FBXL6, UBE2S, RNF181, ANAPC11, UBE2D4, RNF43, UBE2R2, RNF220,
TRIM62, CHFR, RNF130, SMURF1, UBE2O, RNF25, HECTD3, TRIM11, KCTD10,
TRAF7, RNF135, ZNRF1, LRSAM1, TRIM47, MIB2, RNF187, KCTD13, RNF208"
"GO:0061630","ubiquitin protein ligase activity",1.4944898,10,0.22,8.2e-36,1.1e-12,"XIAP, TRIM23, MDM2, TRIM37, NEDD4, PEX12, PEX2,
RBBP6, RNF2, RNF6, SIAH1, HLTF, UBE2D1, UBE2D3, UBE3A, CUL4A, CUL3,
TRIM24, RNF8, TRIP12, UBE3C, RNF144A, PJA2, TRIM13, TOPORS, TRIM38,
RNF139, MYCBP2, MKRN2, HECTD1, RCHY1, LTN1, RNF11, RNF115, MYLIP, RNFT1,
MEX3C, UBR5, RNF138, RC3H2, RNF111, RNF125, FANCL, MSL2, PELI1, COP1,
SMURF2, RNF128, RNF170, ITCH, TRIM52, UHRF2, RC3H1, DCST1, RNF38, ZNRF2,
SHPRH","PEX10, RNF5, SIAH2, TRIM21, PPP1R11, UBE2D2, TRIM25,
TRIM26, RNF113A, HERC2, AREL1, RNF10, RBX1, HUWE1, STUB1, TRIM3,
TRAF3IP2, WWP2, UBE2C, TRIM31, CBLC, PPIL2, RNF167, IRF2BP1, PRPF19,
RNF181, ANAPC11, NEURL1B, RNF43, RNF126, VPS11, SMURF1, VPS18, RNF123,
UBE2O, IRF2BPL, RNF25, RNF26, MUL1, RNF122, TRIM8, TRIM7, WDR24, TRAF7,
RNF135, SYVN1, TRIM63, ZNRF1, LRSAM1, ZNF598, TRIM41, RNF185, TMEM129,
ASB12, SH3RF2, NSMCE1, SH3RF3"
"GO:0003729","mRNA binding",1.5762934,10,0.6125,9.5e-31,2.4e-18,"DDX3X, DHX9, DHFR, EIF4A1, FMR1, GRSF1, CAPRIN1,
PURB, SRSF1, TRA2B, TPR, SLBP, QKI, RBM5, NUDT21, CPSF6, NCBP2, PEG10,
TDRD7, PABPC1, RBMX, LUC7L3, METTL3, METTL14, RBM25, RBM15, UPF3B,
UPF3A, NKAP, NSRP1, FYTTD1, HNRNPLL","CALR, DXO, EIF4G1, ELAVL1, HNRNPAB, NOVA1, NOVA2,
PCBP1, PKM, RPS2, RPS3, RPS5, RPS13, RPS26, SLPI, ZFP36, NELFE, EIF4A3,
PARK7, CLUH, ESRP2, ZC3H12A"
"GO:0140297","DNA-binding transcription factor binding",1.4377469,10,0.235,5.9e-30,1.8e-12,"CCNT1, CENPF, CTNNB1, EIF4E, GTF2B, HHEX, HMGB1,
RBPJ, MAGEA2, MEF2A, MEF2C, NBN, NFYB, NPM1, PPARA, MED1, PURA, PURB,
RB1, TAF7, TCF12, TFDP1, VHL, YY1, KAT6A, CGGBP1, KAT2B, HDAC9, YAP1,
PPARGC1A, PRDM5, DDX20, SIRT1, CNOT7, MDFIC, NLK, LYAR, TXLNG, NUCKS1,
ZBTB49, MAGEA2B","BCL3, BCL6, RUNX1T1, CTBP1, DGKQ, E2F1, FLNA, HCFC1,
HDAC1, SMAD3, MAX, MEF2D, CIITA, PPARD, MAPK3, PSMC5, RELA, RPS3, SKI,
SMARCD3, SPI1, SRF, STAT3, STAT5A, TCF3, TLE1, TP73, ZBTB17, HDAC3,
LDB1, HDAC5, CARM1, KAT5, PARK7, SIRT2, NOC2L, GRHL1, CHCHD2, ZBTB7A,
HDAC7, PBXIP1, HDAC11, GRHL2, PARP10, MYOCD, ZNF653, SDR16C5"
"GO:0003714","transcription corepressor activity",1.486761,10,0.47,1.3e-27,1.5e-20,"CTBP2, DNMT3A, EZH2, HMGB1, NPAT, PFDN5, MED1, RB1,
RBBP8, HMGA2, NRIP1, PIAS1, URI1, SAP30, CDYL, CIR1, HDAC9, CASP8AP2,
YAF2, AASS, YAP1, N4BP2L2, ZMYND11, TCERG1, SIRT1, ZFPM2, EID1, NIPBL,
ZNF451, BRD7, CNOT7, TDP2, CCAR1, TBL1XR1, LCOR, ZNF354B, BEND6,
SCAI","CCND1, BCL3, RUNX1T1, CBFA2T3, CHD4, CTBP1, DAXX,
ATN1, ENO1, FHL2, HDAC1, HDGF, HSPA1A, DNAJB1, MECP2, MAP3K10, NAB2,
PA2G4, PEX14, DPF2, SIAH2, SMARCA4, TBL1X, TLE1, TLE2, HIRA, SF1, UXT,
CBX4, HDAC3, NCOR2, TRIM28, CITED2, BASP1, MYBBP1A, PPP1R13L, RUVBL2,
ARID5A, TCF25, IRF2BP1, NOC2L, SUFU, WNT4, HIF1AN, PBXIP1, PHF12, DDX54,
FLYWCH1, AJUBA, ZNF653, ZFPM1, ZNF366, SDR16C5"
"GO:0003713","transcription coactivator activity",1.5029224,10,0.55,1.6e-27,1.3e-19,"BIRC2, BRCA1, CTNNB1, DHX9, HMGB1, HMGB2, MAK,
TRIM37, NPAT, NPM1, MED1, KDM5A, TAF11, ZXDA, KAT6A, NCOA3, NRIP1,
TRIM24, KAT2B, BCL10, MED14, TRIP11, MED21, MED23, MED17, MED7, MED13,
YAF2, CEBPZ, TRIM13, YAP1, TRIM38, NCOA2, DDX17, USP16, PPARGC1A,
TCERG1, SUB1, COPS5, ZFPM2, KAT6B, WWTR1, MYCBP, TAF5L, MED4, BRD7,
CCAR1, CENPJ, KMT2E, ENY2, RAP2C, NUCKS1, JADE1, MAML2, TRIM52, MED30,
MTDH, MYSM1, TADA1, JMY","ABL1, ACTN4, APBB1, ARRB1, DAXX, DTX1, FUS, HCFC1,
HMGA1, JUP, LMO2, CIITA, NFKBIB, NOTCH1, PCBD1, PSMD9, SMARCA4, SMARCB1,
TRIM21, TGFB1I1, UBE2L3, TRIM25, RUVBL1, EDF1, PER2, AIP, DYRK1B, ZBED1,
MED26, MED27, MAML1, MED24, MED12, SRA1, MED16, PQBP1, TRIM28, CITED2,
TADA3, CARM1, KAT5, TAF6L, RBPMS, RIPK3, TRIM31, PMF1, PARK7, NCOA6,
CAMTA2, WWC1, BRD4, WBP2, NUPR1, USP21, VGLL1, WWOX, TRIM62, ACSS2,
ATXN7L3, MMS19, TRIM8, KAT8, FIZ1, TOX2, TRIM15, MYOCD, CITED4"
"GO:0061629","RNA polymerase II-specific DNA-binding transcription
factor binding",1.3983248,10,0.345,4.3e-25,5.3e-18,"AHR, BBS1, BBS4, CREB1, ATF2, CTNNB1, DHX9, DNMT3A,
GSK3B, HDAC2, HIF1A, HMGB1, RBPJ, MEF2A, MEF2C, NFE2L2, PRRX1, PPARA,
PRKDC, RBBP8, REST, SMARCA1, SP3, STK4, TAF1, TP53BP1, HMGA2, MKKS,
PIAS2, HDAC9, PPARGC1A, TCERG1, ZFPM2, UBXN7, BBS7, TBX20, NIF3L1,
BBS10, MTDH, UHRF2, TTC8, ZBTB8A","ADD1, ATF4, CD34, CEBPA, CHD4, CSNK2B, DAXX, E4F1,
ELK1, EPAS1, ETS2, FBP1, GATA2, GATA3, GATA4, HCLS1, HDAC1, HES1, HSPB1,
IFI27, JUN, LMO2, SMAD3, MEF2D, NFATC1, NHLH2, PITX1, SPI1, STAT3, TAL1,
TBX6, TCF3, TEAD3, TP53, TP73, HIRA, LDB1, MTA2, KLF4, HAND2, SETD1A,
KEAP1, RBX1, HDAC5, MAD2L2, WWP2, ANKRD2, HES6, DMAP1, SOX17, DDRGK1,
KAT8, FIZ1, MYOCD, GSC, ZFPM1, SDR16C5"
"GO:0003682","chromatin binding",1.3398973,10,0.6325,4.4e-23,1.5e-19,"ATRX, CCNT2, CTNNB1, DDX1, ELK4, EZH2, FMR1, HDAC2,
MEF2A, MSH2, PCNA, POLA1, MED1, PRKAA1, REST, RNF2, SFPQ, SMARCE1, TFAM,
TOP1, TOP2A, TOP2B, TPR, MLLT10, URI1, TRIM24, KAT2B, RNF8, CDYL,
SETDB1, POLR3G, POLQ, NFAT5, L3MBTL1, ANKRD17, DNAJC2, RBMX, UBE2T,
GMNN, WAC, MPHOSPH8, HPF1, MBD5, FANCM, IKZF5, NUCKS1, NKAP, MCMBP,
MCM8, PWWP2A, ZNF354B, ZNF431, PRIMPOL, MCM9","APBB1, BCL6, CDK9, CSNK2B, EGFR, NR5A2, FUS, GATA2,
GPER1, HCFC1, HMGA1, SMAD6, POLD1, POLE, PRKCB, RARA, RELA, UPF1, SAFB,
SHMT2, SPI1, SUV39H1, TAL1, TFAP2A, TP53, UBTF, NELFE, BAP1, UXT, HDAC3,
CHAF1A, TRIM28, CITED2, KAT5, ATF5, MORC2, DHX30, SIRT2, NCOA6, CAMTA2,
BRD4, POLR1A, NOC2L, PELP1, SIRT7, SIRT6, BCAS3, ACSS2, TSHZ3, CHD8,
KDM8, ZC3H12A, CDT1, GRWD1, SAMD1, CREB3L1, KLHDC3, LRWD1"
"GO:0042393","histone binding",1.226006,10,0.1425,5.8e-23,2.1e-13,"ATRX, HDAC2, JAK2, NBN, NPM1, KDM5A, RBBP4, RBBP5,
SET, VRK1, DEK, MLLT10, SMARCA5, RNF8, PHF14, AASS, USP16, SIRT1, ASF1A,
USP49, L3MBTL1, DNAJC2, BRD7, RSF1, HPF1, PRMT6, TBL1XR1, ANP32E, PHF6,
MYSM1, PWWP2A, UHRF2, CTCFL, SPTY2D1, APLF, KDM1B","APBB1, DAXX, TONSL, PRKCB, SUPT6H, TBL1X, VPS72,
HIRA, ZNHIT1, NOC2L, PRMT7, BCAS3, PIH1D1, WRAP53, COPRS, SPHK2, CHD8,
THAP7, GRWD1, L3MBTL2"
"GO:0004713","protein tyrosine kinase activity",1.320528,10,0.075,1e-22,6.5e-15,"BMX, DYRK1A, JAK2, PTK2, TWF1, RYK, TTN, WEE1, YES1,
DYRK2, RPS6KA5","ABL1, AXL, BCR, CSF1R, CSK, EGFR, EPHA4, EPHB2,
ERBB2, PTK2B, FGFR3, FGR, FLT3, FYN, HCK, IGF1R, JAK3, LCK, MATK,
PDGFRB, PTK6, RET, SYK, TYK2, ZAP70, TNK2, CAMKK2"
"GO:0002039","p53 binding",1.4979397,10,0.3175,5.9e-22,1.7e-14,"BLM, BRCA1, GSK3B, HIF1A, HSPD1, MDM2, TAF1, TP53BP1,
TP53BP2, MAPKAPK5, TRIM24, USP10, SIRT1, RCHY1, BRD7, RNF125, CDKN2AIP,
SMYD2, SETD7, ZNF385B","PLK3, DAXX, HTT, HDAC1, MUC1, NTRK3, SMARCA4,
SMARCB1, STK11, TP53, TP73, TP63, NUAK1, PSME3, EHMT2, BRD4, ZNF385A,
CHD8, MUL1"
"GO:0000976","transcription cis-regulatory region binding",1.3049501,10,0.2,1.6e-21,6.5e-11,"AHR, BRCA1, GABPA, GABPB1, HHEX, HMGB1, HMGB2, FOXA3,
KCNH2, SMAD4, MEF2C, NFE2L2, NFYA, NFYB, KDM5A, RBBP5, REST, RFX3, SFPQ,
SOX5, TAF2, TAF7, TCF12, YY1, ZBTB14, ZNF217, HMGA2, PIAS1, ZBED4, YAP1,
PRDM5, ATF6, ZNF281, ZNF658, BRD7, MTERF3, ZNF639, TBL1XR1, SUV39H2,
KLF17, CTCFL, DHX36, ZNF568, ZNF808, ZBTB8A, ZBED6","ATF4, CEBPA, CEBPB, CHD3, ATF6B, CRY2, DLX3, ELK1,
NR5A2, XRCC6, GATA3, GATA4, GLI1, ZBTB48, HNRNPL, HSF1, FOXK2, IRF1,
JUN, JUND, SMAD3, SMAD6, MEN1, CIITA, MSX2, NFATC4, NFYC, PBX1, POU2F2,
RELA, RXRA, SOX10, SOX12, SPI1, STAT3, SUV39H1, TAL1, TBL1X, TCF7,
TFAP2A, TFAP4, TFE3, THRA, TNF, TP53, TP73, TFEB, KMT2D, PER2, KLF4,
HAND2, NR1D1, RNF10, HDAC5, NR1H3, BASP1, CARM1, KLF1, ATF7, ATF5, BRD4,
GRHL1, TBX21, SOX18, MESP1, ZNF335, SOX17, ZBED2, SOX7, GLIS2, CREB3L1,
ZNF513, ZBTB46, ZNF579, FOXK1"
"GO:0043130","ubiquitin binding",1.5156668,10,0.07,1.7e-21,1.2e-06,"BIRC2, NBR1, MDM2, NEDD4, TOP2A, USP13, TOM1L1,
USPL1, USP16, USP33, UBXN7, VPS36, RNFT1, SPRTN, DDI2","DNAJB2, HSPB1, SMAD3, TNFAIP3, USP5, SQSTM1, UBE2L6,
TOM1, RBCK1, KLF1, SIRT2, GGA3, FAF2, NUP62, UBXN1, VPS28, UBAP1, OTUB1,
NOD2, RNF185, MVB12A"
"GO:0001222","transcription corepressor binding",1.5872399,10,0.22,2.4e-21,7.2e-14,"CTBP2, CTNNB1, EZH2, SMAD4, EED, MTF2, SUZ12, ZNF644,
LCOR","BCL6, RUNX3, CTBP1, ENO1, HDAC1, HDGF, SMAD3, PBX1,
PHF1, ZBTB16, USP11, HDAC3, NR1D1, HDAC6, HDAC5, EHMT2, FAM89B, ZBTB7A,
WIZ, THAP7"
"GO:0003779","actin binding",1.3798087,10,0.235,2.5e-20,2.8e-15,"CAPZA1, EPS8, ITGB1, MYO6, PTK2, TWF1, RDX, FERMT2,
KLHL2, ANLN, CCDC88A, MICAL3, VASH2, KIF18A, FHDC1, LRRK2, PLEKHH2,
GAS2L3","ACTN4, ADCY8, ADD1, ADD2, ALDOA, ANG, CEACAM1, CAPZB,
CCR5, CNN2, EMD, DMTN, FLII, GSN, ABLIM1, MAP1A, MEFV, MYH9, MYO9B,
P4HB, PFN1, SMTN, SLC6A2, SPTAN1, SPTBN2, TNNC2, TNNI2, TNNI3, TNNT3,
EZR, CDK5R2, PDLIM1, MICAL2, MAEA, ARPC1A, GIPC1, CORO1A, SYNPO, MSRB2,
COTL1, RUSC1, FSCN2, SPEF1, PLEKHG3, DBNL, MSRB1, FXYD5, ALKBH4, EPS8L1,
SPTBN4, PARVG, NOD2, MICAL1, EPS8L2, CORO7, GCSAM, TPRN"
"GO:0001228","DNA-binding transcription activator activity, RNA
polymerase II-specific",1.1025234,10,0.045,4.7e-20,1.4e-06,"ATF1, CDC5L, KLF6, CREB1, ATF2, E2F3, ELF1, ELK3,
ELK4, ETV1, GABPA, NR3C1, HHEX, HIF1A, HOXB3, HOXD8, RBPJ, SMAD4, MEF2A,
MEF2C, MITF, MYBL1, NFE2L2, NFYB, PRRX1, PPARA, REL, RFX5, RFXAP, RLF,
TCF12, TFDP1, NR2C2, UBP1, YY1, ZFX, ZFY, ZNF24, ZSCAN21, ZNF143, VEZF1,
ZNF175, NR1I2, CLOCK, ZBED4, NFAT5, TFEC, ATF6, ATMIN, SATB2, ZNF639,
NKRF, CARF, LHX4, NKX2-6, CTCFL, CREBRF, YY2","KLF5, CEBPA, CEBPE, ATF6B, DBP, E2F2, E4F1, EGR4,
ELF3, ELF4, ELK1, ERG, ETV4, FOSL2, GATA3, GATA4, NR4A1, HSF1, FOXK2,
IRF1, IRF3, IRF5, JUN, SMAD3, MTF1, MYB, MYBL2, MYCN, NFATC1, NFIC,
NFKB2, NOTCH1, NOTCH4, NRF1, NRL, OTX1, PGR, POU4F3, RELA, RREB1, SOX10,
SOX12, SPIB, SREBF1, SRF, STAT3, STAT6, TCF3, TFAP2A, TFAP4, TP53, TP73,
NR1H2, ZBTB17, BARX2, RFXANK, ZBED1, KLF4, HAND2, LITAF, CREB3, GMEB1,
IKZF3, ATF5, MLXIP, MAFF, POU2F3, EHF, GRHL1, FOXP3, SOX18, CASZ1,
FOXJ2, GRHL3, SOX17, IRX3, ZNF750, GRHL2, GLIS2, CREB3L1, OSR2, SCX"
"GO:0042826","histone deacetylase binding",1.3616356,10,0.2175,9.3e-20,2.4e-12,"HDAC2, HSP90AA1, MAGEA1, MAGEA2, MEF2A, PKN2, MAPK8,
RBBP4, SFPQ, KAT2B, CIR1, HDAC9, NUDT21, SATB2, NIPBL, GMNN, MIER1,
ANKRA2, PHF6, LCOR, DHX36, MAGEA2B","CCND1, BCL3, CHD4, HDAC1, HIC1, HES1, HSPA1A, HSPA1B,
MEF2D, RELA, SP2, SPI1, TAL1, TFAP4, TP53, USF1, HDAC3, NCOR2, HDAC6,
HDAC5, IKZF3, SIRT2, CAMTA2, AKAP8L, FOXP3, MIER2, THAP7, NACC1,
KCTD21"
"GO:0051015","actin filament binding",1.3226999,10,0.21,8.7e-19,4.9e-11,"CFL2, MYO1B, MYO6, TTN, ARPC5, ACTR3, ACTR2, LRPPRC,
BLOC1S6, LIMA1, XIRP2","ACTN4, ACTN1, ADD1, ADD2, AIF1, FMNL1, CFL1, CTNNA2,
EGFR, FLNA, HCLS1, LCP1, MYH9, MYL4, MYO1D, MYO1E, MYO7A, TNNI3, TULP1,
EZR, UXT, HIP1R, PICK1, WDR1, ARPC4, ARPC3, ARPC2, NEBL, GJB6, TRIOBP,
KPTN, CORO1A, FSCN2, DBNL, PHPT1, ABI3, MAP1S, CORO1B, CAMSAP3, MYH14,
ESPN, RCSD1, MISP, SYNE3, XIRP1, MYO18A, ANXA8"
"GO:0005524","ATP binding",1.3862357,10,0.2175,1e-18,1.2e-12,"ATP7A, BLM, BMPR1A, BMPR1B, CDK6, DAPK1, DHX9, MSH6,
HSPA5, HSP90AA1, CAPRIN1, MYO1B, MSH2, NVL, P2RY1, PEX1, PRKACB, PRKCI,
PRPS2, TWF1, ABCD3, SRPK1, SRPK2, STK3, STK4, CDKL5, TDG, TGFBR1, TOP1,
DYRK2, SMARCA5, CDC42BPA, MAP4K3, LATS1, RPS6KA5, STK17B, STK17A,
MAP4K4, TLK1, KIF14, OXSR1, AKT3, SMC4, UBA2, MTHFS, CLPX, PAPOLA, TLK2,
MAP4K5, IRAK3, HSPA4L, RHOBTB3, STK38L, PPIP5K2, DDX25, OLA1, TRNT1,
NLK, RTEL1, STK26, SNRK, MTPAP, DARS2, N4BP2, WNK4, WNK3, PANK3, PEAK1,
TSSK3, DHX36, TSSK4","ABCA2, ABL1, ACTA1, ACTC1, ACVR1B, ACVRL1, AKT1,
AKT2, ABCD1, ABCC6, CDK11B, DAPK3, EIF4G1, MARK2, GALK1, MKNK2, GSS,
GUK1, HSPA1A, HSPA1B, IGHMBP2, MVK, MYH9, MYO9B, NME1, PDK2, PFKL, PIM1,
PTPA, PPP5C, MAP4K2, RYR1, SLC12A4, STK11, SYN1, SYN2, PIP4K2B, PDXK,
MKNK1, SPHK1, EIF2B2, RPS6KA4, BRSK2, MAP3K6, LONP1, ABCG1, PPIP5K1,
EIF4A3, BCKDK, ERN2, PMVK, MAP4K1, ABCB8, TWF2, MORC2, MAST1, MAST2,
SIK3, ABCB9, DAPK2, MTHFD1L, VPS4A, MINK1, YARS2, MOV10L1, SARS2,
PI4K2A, CDC42BPG, CHD8, PINK1, WNK2, NUAK2, AGAP2, MYO18A"
"GO:0003700","DNA-binding transcription factor activity",1.0872016,10,0.0475,3.8e-18,5.1e-11,"AHR, ATF1, BACH1, KLF9, CREB1, ATF2, E2F3, ELF1,
ETV1, GABPA, NR3C1, HIF1A, FOXA3, RBPJ, SMAD4, MEF2A, MEF2C, NFE2L2,
NFYA, NFYB, PPARA, REST, RFX3, SOX5, ZEB1, TCF12, TEAD1, TFCP2, TFDP1,
NR2C2, ZBTB14, ZBTB25, ZNF175, ZNF217, CLOCK, NFE2L3, NFAT5, ZHX1,
KLF12, ATF6, ZNF281, ZNF639, PRDM10, ZNF410, E2F8, KLF17, NKX2-6,
ZBTB38","ATF4, BCL6, FOXL2, RUNX3, CEBPA, ATF6B, DLX3, E2F1,
ELF3, ELK1, NR2F6, FOXD4, FOXL1, FOXE1, FOXS1, FOSL2, NR5A2, GATA2,
GATA3, GATA4, GSC2, HIC1, HOXC5, FOXK2, IRF3, IRF6, JUN, LMX1B, SMAD3,
MEOX1, MNT, MTF1, MYCN, NFATC1, NFE2, NFE2L1, NFIC, NFIX, NFKB2, NFYC,
NPAS1, PITX1, POU2F2, POU3F1, POU4F3, POU6F1, PPARD, RARA, RARG, RELA,
RFX2, RXRA, SOX10, SPI1, SREBF1, SRF, STAT3, STAT5A, STAT6, TAL1, TBX1,
TCF3, TCF15, TEAD4, TEAD3, TFE3, TGIF1, THRA, TP53, TP73, USF2, VDR,
ZIC2, ZBTB17, TFEB, FOSL1, TP63, MSC, KLF2, BATF, KLF1, SOX21, ATF5,
ZHX3, AHDC1, FOXP3, ZNF219, ZBTB7A, HES6, BATF3, MESP1, SLC2A4RG, IKZF4,
CSRNP1, GRHL2, SOX7, ATOH8, FOXK1"
"GO:0019789","SUMO transferase activity",1.9460413,10,0.1025,4.4e-18,4.2e-10,"MDM2, RANBP2, PIAS1, PIAS2, TOPORS, UHRF2,
NSMCE2","PML, UBE2I, CBX4, ZBED1, TRIM28, PIAS3, HDAC7, PIAS4,
MUL1"
"GO:0003725","double-stranded RNA binding",1.3292157,10,0.5275,4.5e-18,1.4e-13,"CLTC, DHX9, DHX15, EIF4A1, HSPD1, MBNL1, EIF2AK2,
TFRC, PRKRA, LRRFIP1, DICER1, STAU2, RC3H2, DDX60, IFIH1, MTDH, RC3H1,
DHX36, AGO3","ACTN1, ELAVL1, SLC3A2, TARBP2, VIM, OASL, TUBA1B,
TUBB4B, DHX30, RFTN1, ZNF346, DGCR8, DUS2, DHX58, ZBP1"
"GO:0003697","single-stranded DNA binding",1.5453857,10,0.1975,7.8e-17,1.7e-05,"BLM, BRCA2, DHX9, ERCC4, ERCC5, HMGB1, HMGB2, HSPD1,
MCM4, MCM6, MSH2, MSH3, PMS2, PURA, PURB, RAD23B, RAD51B, RAD52, TOP1,
FUBP1, FUBP3, RAD51AP1, SUB1, RTF1, RNF138, TDP2, NEIL3, WDR48, FAM111A,
NABP1, SPRTN, DHX36, MMS22L","CRY2, ERCC1, IGHM, IGHMBP2, PCBP1, POLR2H, RAD23A,
TOP3A, PARK7, WBP11, HMCES, REXO4, NABP2, CTC1, SWSAP1"
"GO:0003924","GTPase activity",1.4796624,10,0.1625,1.1e-16,7.2e-14,"TRIM23, ARF4, ARHGAP5, ARL1, DDX3X, GEM, GNAI3, GNAQ,
GNB3, GNG3, GNGT1, GSPT1, KRAS, NRAS, OPA1, RAB1A, RAB2A, RAB3B, RAB5A,
RAB6A, RALA, RALB, RAP1B, RAP2A, RASA1, RGS1, RGS2, RGS13, RHEB, RIT1,
ABCE1, SRP54, RGS5, DNM1L, RRAGB, HBS1L, RAB21, RHOQ, GTPBP4, RGS17,
SAR1B, RAB14, RAB23, MFN1, ENTPD7, RAB22A, RGS18, RAB33B, GFM2, GFM1,
LRRK2, MMAA","ABCA4, ARF1, RHOA, RHOB, RHOG, ARHGDIB, ARL2, DNM2,
DRG2, EEF2, GNA11, GNA15, GNB1, GNB2, GNGT2, HRAS, RAB8A, DRG1, RAB3A,
RAB5B, RAB13, RAB5C, RAC1, RAC3, RGS3, RGS10, RGS12, RRAS, TBCC, RGS9,
RAB11B, GTPBP1, RGS19, TUBA1B, RASL10A, RGS14, RRAGA, RAB32, RAB35,
TPPP, MTG2, RRAGD, EEFSEC, RAB3C, AGAP2, NUGGC"
"GO:0001227","DNA-binding transcription repressor activity, RNA
polymerase II-specific",1.226006,10,0.035,1.7e-16,2.8e-08,"ZFHX3, BACH1, E2F6, ELK3, NR3C1, HHEX, MXI1, PPARA,
PURB, REST, SATB1, SKIL, ZEB1, YY1, ZNF85, ZNF91, ZNF140, ZNF148,
ZNF175, ZNF217, ZNF224, HESX1, LRRFIP1, ZEB2, ZBTB18, PRDM5, KLF12,
TFEC, MYT1L, ZNF281, ZNF354C, ZBTB21, THAP1, ZNF350, IKZF5, GZF1,
ZBTB10, E2F8, ZNF93, ZBTB8A, ZBED6","ASCL2, BCL6, PRDM1, CEBPB, DACH1, E4F1, EN1, ENO1,
ERF, ETS2, GATA3, HIC1, HES1, HSF1, IRF8, FOXK2, JUN, MAX, MNT, MSX2,
NFATC4, POU6F1, PPARD, RELA, SKI, SP2, SREBF2, TCF3, TFAP2A, TGIF1,
TP53, ZBTB16, GTF2IRD1, NR1D1, DEAF1, ZBTB32, TBX21, KCNIP3, ZNF219,
BCL11A, BATF3, JPH2, THAP11, ZBTB4, OVOL2, IRX3, ZBED2, ZNF750, CREB3L1,
NACC1, JDP2, ZBTB46, SAMD11, IRX2, FOXK1, MYPOP, HES5"
"GO:0008017","microtubule binding",1.4819853,10,0.105,2.1e-16,1e-06,"APC, KRIT1, CENPE, FMR1, FNTA, KIF2A, KIF5B, MAP2,
PAFAH1B1, POLB, PRNP, CLIP1, SPAST, ZNF207, VAPB, CRIPT, MAP4K4, KIF23,
KIF20B, CEP135, KIF14, LRPPRC, NDC80, CLASP2, RACGAP1, RMDN1, SBDS,
MAP10, CCDC88A, MDM1, CCDC181, MAP7D3, VASH2, MAP9, CEP44, KIF18A, NUF2,
FAM161A, HOOK3, CEP295, FHDC1, NAV3, TUBGCP5, LRRK2, CCSAP, JMY, RMDN2,
SKA3, GAS2L3, CCDC66, DCDC1","CAPN6, CDK5, DCTN1, GAPDH, GOLGA2, MAP1A, DRG1,
NUMA1, PEX14, RP1, RPS3, S100A8, S100A9, EZR, CLIP2, UXT, RAE1, SSNA1,
HDAC6, RGS14, GJB6, TPPP, MAPRE3, MAST1, MTCL1, EML2, SUN2, SPEF1,
CLIP3, KIF26A, NME8, MAP1S, MARK4, FSD1, REEP4, ENKD1, CCDC61"
"GO:0061578","K63-linked deubiquitinase activity",2.0433433,10,0.065,1.2e-15,4.1e-09,"CYLD, ATXN3, USP9X, USP14, USP8, PSMD14, STAMBP,
DESI2, OTUD4, YOD1, STAMBPL1, BRCC3","TNFAIP3, OTUD5"
"GO:0005525","GTP binding",1.254063,10,0.08,1.6e-15,3e-11,"TRIM23, ARF4, ARL1, GEM, GLUD2, GNAQ, RAB2A, RAB5A,
RAB6A, RALA, RALB, RAP1B, RAP2A, RHEB, RIT1, SRP54, RAB29, RAB28, ARL4A,
RRAGB, RAB10, RAB21, GTPBP4, GNL3, DYNC1LI1, RAB14, ARL8B, RAB22A,
RAP2C, LRRK2, MMAA, RABL3","ANXA6, RHOA, RHOB, RHOH, ARL2, GNA11, GNA15, HRAS,
RAB8A, NME1, RAB13, RAC1, RAC2, TGM2, PIP4K2B, EIF2B2, RAB11B, TUBA1B,
RRAGA, RAB35, SEPHS1, ARFIP2, RABL6, RRAGD, RAB1B, AGAP2, ARL8A"
"GO:0003743","translation initiation factor activity",1.8244137,10,0.15,1.8e-15,1.1e-10,"EIF2S1, EIF2B1, EIF4A1, EIF4E, EIF4G2, EIF3E, EIF3A,
EIF3H, EIF4G3, EIF2S2, EIF3M, COPS5, EIF2A","EIF4G1, EIF3B, EIF3C, EIF3D, EIF3F, EIF3G, EIF3I,
EIF2B4, EIF2B2, EIF2B5, EIF1, EIF3K"
"GO:0000981","DNA-binding transcription factor activity, RNA
polymerase II-specific",1.1247761,10,0.0675,2.5e-15,5.3e-08,"ZFHX3, CREB1, ELF2, HIF1A, MEF2A, MEF2C, SP100,
TEAD1, YY1, CLOCK, ADNP, TBX20, ZNF644","ATF4, RUNX3, CEBPB, E2F1, ELK1, FOXE1, GATA2, GATA3,
NR4A1, HSF1, IRF1, IRF3, IRF5, IRF7, JUN, LMX1B, SMAD3, MAX, MAZ, MEF2D,
NFATC1, PBX1, RELA, SPI1, SREBF1, SREBF2, STAT3, TCF15, TFAP2A, TFAP4,
TFE3, TP53, TP73, USF1, USF2, HAND2, KLF2, CREB3, WIZ, SOX17, HIF3A,
ZNF579, TPRXL"
"GO:0031593","polyubiquitin modification-dependent protein
binding",1.8765398,10,0.105,2.9e-15,4.5e-07,"EPS15, RAD23B, DZIP3, UBQLN1, ZFAND6, RAD18,
BRCC3","RAD23A, VCP, BAG6, IKBKG, HDAC6, TOM1, UBAC1, UBXN1,
UBQLN4, TNIP2, SHARPIN"
"GO:0044877","protein-containing complex binding",1.4367258,10,0.285,3.3e-15,9.8e-11,"ATM, CDKN1B, ERCC8, CTBP2, ERCC5, ITGB1, KRAS, NRAS,
PCNA, PEX1, PRNP, RAP1A, RAP1B, SPAST, STRN, TFRC, WRN, CRIPT, VPS4B,
CIR1, SCFD1, APPL1, STRN3, LZTFL1, DET1, APPL2, RAD18, GNB4, SLF1,
SLC25A46, HELB, LCA5, MCM9","ADRB2, APOE, CAPG, CDKN1A, CDKN1C, CLU, CRYAB, DDB1,
DDB2, EPHB2, FBLN1, XRCC6, GNB1, GNB2, GRIN1, NCKAP1L, EPCAM, CIITA,
MTHFR, NDUFA8, NDUFA9, NUMA1, PFKP, SLC25A3, RAC1, UPF1, RNF5, RPS3,
RRAS, TERF2, TULP3, USF1, ZFP36, ULK1, NAPA, DEPDC5, DHX34, IST1, TELO2,
TSSC4, LILRB2, RIPK3, PARK7, CEP131, GGA3, SF3B3, KCTD2, VPS33B, VPS4A,
STRN4, TREM2, WRAP53, BRK1, AJAP1, RPTOR, WIZ, ATG101, VIPAS39, NOD2,
PINK1, ACD, CHMP6, SESN2, PSMG3, POLDIP3, TNKS1BP1, DERL3, RNF185,
DAB2IP, PGAM5, SCAMP5, CRB2"
"GO:0005096","GTPase activator activity",1.4433139,10,0.015,1.2e-14,0.00025,"ALDH1A1, ARHGAP5, BNIP2, CHN1, CHN2, ECT2, GNAQ,
HTR2B, MYO9A, NF1, RASA1, RGS1, RGS2, RP2, SOS1, EVI5, RGS5, RAPGEF2,
USP6NL, ARHGAP11A, RABGAP1L, FAM13A, ARFGEF1, PLCB1, ACAP2, ARFGAP3,
RACGAP1, FAM13B, ERRFI1, RALGAPB, ARHGAP20, ARHGAP21, ALS2, TBC1D15,
SYDE2, ARHGAP11B, ARHGAP18, LRRK2, ARHGAP42, RALGAPA1, ELMOD2","ABR, ARHGAP1, ARRB1, BCR, NCKAP1L, JUN, MYO9B,
TBC1D25, RANGAP1, RAP1GAP, RGS3, RGS10, SIPA1, TBCD, THY1, TSC2, WNT11,
NPRL3, DEPDC5, SGSM2, ARHGAP44, RASA4, RGS14, NPRL2, ADAP1, SH3BP1,
ARHGAP8, TBC1D10B, GMIP, ARHGEF10L, TBC1D2, ELMOD1, ASAP3, ARHGAP23,
ARHGAP22, ARHGAP9, ARHGAP39, SYDE1, EVI5L, ARAP1, AGAP2, TAGAP, TBC1D16,
SGSM1, PGAM5, ARHGAP27, ARHGAP30, ARHGAP40"
"GO:0061631","ubiquitin conjugating enzyme activity",1.6917291,10,0.04,1.5e-14,5.5e-06,"TAF1, UBE2D1, UBE2D3, UBE2E1, UBE2T, UBE2J1,
UBE2W","CDC34, UBE2D2, UBE2L3, UBE2C, UBE2S, UBE2D4, UBE2R2,
UBE2O, UBE2J2, UBE2QL1"
"GO:0005516","calmodulin binding",1.2798964,10,0.005,1.6e-14,1.4e-10,"FAS, CAMK2D, DAPK1, MYO6, PPP3CA, RGS1, RGS2, RYR2,
STRN, TTN, IQGAP1, IQCB1, PLCB1, IQCG","ADCY8, AKT1, CEACAM1, CACNA1C, CAMK2A, GRIN1, KCNQ1,
KCNQ2, KCNQ3, MYO1D, MYO1E, MYO7A, MYO9B, PLCB3, RYR1, VAMP2, SPHK1,
SYT7, BASP1, CAMKK2, DAPK2, FKBP8, TRPV6, SLC24A4"
"GO:0019003","GDP binding",1.3631468,10,0.07,1.6e-14,1.6e-10,"TRIM23, GEM, GNAI3, RAB2A, RAB3B, RAB5A, RALA, RALB,
RAP1B, RAP2A, RHEB, SRP54, RAB29, RAB28, RAB10, RAB18, RAB21, DYNC1LI1,
RAB9B, RAB14, RAB8B, ARL8B, RAB22A, RAP2C, RAB12","HRAS, RAB8A, RAB5B, RAB5C, RRAS, RAB11B, RAB35,
RRAGD"
"GO:0016887","ATP hydrolysis activity",1.57833,10,0.715,3.4e-14,2.3e-12,"ABCD2, ATP2B1, DDX3X, DHX9, DNA2, EIF4A2, ERCC3,
HSPA5, HSP90AA1, HSPD1, PEX1, ABCD3, ABCE1, WRN, DDX39B, SMARCA5, VPS4B,
CHD1L, KIF20B, KIF14, RAD50, CLPX, ASCC3, RHOBTB3, VWA8, SMCHD1, ABCB10,
ATAD2, OLA1, RSF1, WRNIP1, IFIH1, C10orf88, SLFN11","ABCA3, ABCA4, ACTB, ABCD1, CHD3, CHD4, CLU, XRCC6,
HSPA1A, HSPA1B, IGHMBP2, MYO1E, UPF1, VCP, RUVBL1, DHX34, DDX39A,
RUVBL2, MORC2, KIF26A, VPS4A, CARNS1, ABCG4, TOR3A, DHX58, CLPB, SWSAP1,
MYO18A"
"GO:0051787","misfolded protein binding",2.0068551,10,0.1225,3.7e-14,2.4e-08,"HSPA5, DNAJB9, EDEM1, DNAJC10","CLU, HSPA1A, SDF2, BAG6, HDAC6, STUB1, SDF2L1"
"GO:0051879","Hsp90 protein binding",1.2712044,10,0.165,4.1e-14,9.5e-11,"AHR, CSNK2A1, NR3C1, HIF1A, PPID, PTGES3,
CHORDC1","HSF1, PPP5C, RPS3, TSC2, TELO2, HDAC6, STUB1, AHSA1,
USP19, STIP1, NOD2"
"GO:0003724","RNA helicase activity",1.6840742,10,0.4575,1.9e-13,4.3e-10,"DDX1, DDX3X, DDX5, DHX9, DHX15, DDX39B, DDX21, DDX46,
RAD54B, DDX25, IFIH1, DHX36","UPF1, DDX23, EIF4A3, DHX30, MOV10L1, DDX54, DHX58,
HELZ2"
"GO:0008013","beta-catenin binding",0.9578172,10,0.015,2.2e-13,0.0015,"APC, GSK3B, PTPRJ, TRPC4, GSKIP, TBL1XR1","CDH5, DVL3, GJA1, PIN1, PSEN1, PXN, TCF7, AXIN1,
BTRC, SETD1A, HDAC6, PTPRU, APC2, CARM1, RUVBL2, CBY1, TREM2, RNF220,
AJAP1, CTNNBIP1, CHD8, SOX17"
"GO:0031267","small GTPase binding",1.4777751,10,0.0825,2.4e-13,5.7e-08,"AP1G1, BICD1, BRAF, CHM, CHML, EPS8, MYO5A, PAK2,
RANBP2, CDKL5, EVI5, PICALM, IQGAP1, RAB29, GCC2, USP6NL, DOCK4,
RABGAP1L, GOLGA5, RANBP9, DNM1L, ABI2, EXOC5, NCKAP1, RAPGEF4, KIF3A,
RHOBTB3, USP33, MYCBP2, DMXL2, RAB3GAP2, AP3M1, STRN3, PEX5L, RAPGEF6,
WDR44, HACE1, RIC1, ALS2, XPO4, SIKE1, DOCK7, IFT20, PIH1D2, LRRK2,
FGD4, EXOC8, C9orf72","ARHGAP1, ARHGDIB, ATP6AP1, FMNL1, DAPK3, DVL3, FLNA,
RAB8A, MYO1C, MYO9B, PAK1, PDE6D, PEX5, RABGGTA, RANGAP1, RAP1GAP, RTKN,
SOD1, TNFAIP1, TSC2, WAS, LZTR1, ULK1, YBX3, DEPDC5, RAB11FIP3, RGP1,
RUSC2, SGSM2, NUTF2, CIB1, NOXA1, EHD1, PPP6R1, EXPH5, GGA3, ARFIP2,
GGA1, RANGRF, PARD6A, TMEM127, BRK1, RPTOR, LSM2, MLPH, GCC1, HPS6,
RIN3, RILP, RAB34, RAB11FIP4, MICALL1, FGD3, EVI5L, SGSM1, CDC42EP5,
FGD5, UNC13D, FGD2, KCTD13"
"GO:0000993","RNA polymerase II complex binding",1.6181756,10,0.095,4.4e-13,0.00012,"DHX9, ERCC5, GTF2B, NCOA3, URI1, WDR43, WAC, PCF11,
ELP2, SMYD2, RPRD1B, CDC73, POLR2M, ZNF326","RECQL5, PAF1, CCAR2"
"GO:0001784","phosphotyrosine residue binding",1.4166036,10,0.01,1.8e-12,9.3e-06,"CRK, PIK3R1, PTPN11, RASA1, YES1, SAMSN1","ABL1, FGR, GRB2, HCK, LCK, PFN1, PLCG2, PTPN6,
SH3BP2, SHB, SYK, VAV1, ZAP70, CBLC, LDLRAP1, PTPN5"
"GO:0051087","protein-folding chaperone binding",1.1834035,10,0.085,2.8e-12,2.2e-06,"BIRC2, HSPA5, HSPD1, DNAJB9, PFDN4, TBCE, USP13,
BAG2, DNAJA2, DNAJB4, SACS, GET4, DNAJC10, FNIP2, FNIP1, RNF207","ATP1A3, CALR, CLU, GAK, GRN, HLA-B, DNAJB2, DNAJB1,
SOD1, TBCC, TBCD, TP53, VWF, UBL4A, BAG3, STUB1, PFDN6, AHSA1, PDPN,
ERP29, DNAJB5, TIMM10, WRAP53, SYVN1"
"GO:0019888","protein phosphatase regulator activity",1.5922156,10,0.005,3.2e-12,2.5e-10,"PPP2R2A, PPP2R5A, PPP2R5E, EIF2AK2, SET, SHOC2,
ARPP19, PPP4R2","ENSA, PPP1R7, PTPA, PPP2R5B, PPP2R5D, PPP2R3B, PPME1,
PPP2R2D"
"GO:0035064","methylated histone binding",1.4477605,10,0.045,4.2e-12,1.1e-05,"ATRX, CHD1, FMR1, MSH6, ING1, KDM5A, TP53BP1, TRIM24,
CDYL, ZMYND11, SPIN1, MSL3, MTF2, NCAPD3, SUZ12, MORC3, ZZZ3, L3MBTL1,
PYGO1, ING3, MPHOSPH8, MBTD1, NCAPG2, KMT2E, MORC4, KDM7A, PWWP2A,
SPIN4, ZCWPW2, SPIN3, SPIN2B","PHF1, KDM4A, WDR5, ZZEF1, CXXC1, CHD8, KDM8, THAP7,
L3MBTL2, LRWD1"
"GO:0003712","transcription coregulator activity",1.459531,10,0.115,4.2e-12,2.8e-08,"DDX1, DHX9, MED1, TP53BP1, KAT2B, BTAF1, MED14,
TRIP13, MED17, MED13, PPARGC1A, MED4, MED30","NRG1, MUC1, ZBED1, LPXN, MED26, MED24, MED12, RALY,
BRD4, SND1, ZNF764"
"GO:0051082","unfolded protein binding",1.3631468,10,0.1975,7.5e-12,5.3e-06,"HSPA5, HSPD1, LMAN1, NPM1, PFDN4, PFDN5, RP2, VBP1,
TOMM20, DNAJA2, PTGES3, AFG3L2, ERLEC1, UGGT1, TMEM67","CALR, CLU, CRYAB, DNAJB2, HSPA1A, HSPA1B, DNAJB1,
PFDN1, PFDN2, PPIA, PPIB, TAPBP, AIP, CHAF1A, PFDN6, RUVBL2, GRPEL1,
SYVN1"
"GO:0001223","transcription coactivator binding",1.3522125,10,0.0575,8e-12,2.9e-05,"AHR, CCNT2, HIF1A, SMAD4, MED1, ZBTB49, ZBTB8A","CDK9, EPAS1, SMAD3, PGR, PPARD, RARA, RELA, STAT6,
ZBTB17, RPL23, HAND2, ATF7, MED25, FLYWCH1"
"GO:0019904","protein domain specific binding",1.3583226,10,0.49,9.1e-12,3.8e-09,"ARL1, CCNA2, CHEK1, DFFB, ACSL3, HIF1A, HSPA5, MDM2,
NEDD4, NFE2L2, PPP3R1, PRKAR1A, PRKAR2A, PRKDC, RAB6A, SRSF7, TRA2B,
SP100, TFDP1, TOP1, VRK2, XPA, KCNAB1, IQGAP1, RABEP1, ZFYVE9, MRPS31,
NCOA2, STAMBP, KHDRBS3, KHDRBS1, CBX3, DICER1, CHMP2B, RBMX, GPSM2,
CNTLN, LIN7C, CENPJ, IKZF5, MITD1","ARF1, CAPG, CASP2, CSNK2B, CTBP1, ATN1, ETS2, GTF2F1,
IRF3, L1CAM, MYH9, MYO1D, HNRNPM, NUMA1, CHMP1A, PLAUR, RARA, SKI, THRA,
TNNI3, VCP, EZR, VIM, YWHAH, IKBKG, HGS, AP4M1, PICK1, IST1, IKZF1,
CITED2, BASP1, TADA3, CEP250, CEP68, CHMP2A, FHOD1, ARHGEF4, VPS11,
MRPL17, LIN7B, IKZF4, CRB3, CNTROB"
"GO:0004697","diacylglycerol-dependent serine/threonine kinase
activity",1.5637832,10,0.015,1.2e-11,0.00021,"PRKCE, PRKCI, PRKD1, SMG1","PRKCB, PRKCD, PRKCH, PRKCQ, PRKCZ, PRKD2"
"GO:0005200","structural constituent of cytoskeleton",1.3292157,10,0.1575,1.7e-11,6.9e-07,"BICD1, PLS1, ARPC5, ACTR3, ACTR2, CD2AP","ACTA1, ACTB, ANK1, ANK3, DSP, KRT2, KRT5, KRT6B,
KRT9, KRT14, KRT15, KRT19, KRT31, LMNA, PPL, SPTAN1, SPTBN2, VIM, BFSP2,
ARPC4, ARPC3, ARPC2, SORBS3, TUBA1B, VILL, EPB41L4B, SPTBN4, AGRN"
"GO:0016301","kinase activity",1.8487392,10,0.095,2.5e-11,1.3e-08,"CDK1, CSNK2A1, GSK3B, NEK1, PIK3C3, PIK3CA, PIK3CB,
PKN2, PRKD1, EIF2AK2, CDKL5, TAF1, VRK1, CDC7, DGKE, STK39, IRAK4,
SCYL3, TAOK1, MASTL, LRRK2","ABL1, AKT1, CAMK2A, CDK5, CDK9, DGKA, EPHA4, IRAK1,
PIK3CD, CCL3, SYK, DGKZ, PKMYT1, BCKDK, FN3K, PINK1, FN3KRP"
"GO:1990841","promoter-specific chromatin binding",1.2674874,10,0.2625,2.5e-11,4.3e-08,"BMI1, ATF2, DDX5, DHX9, EZH2, GTF2B, RBL1, RBL2,
SETDB1, NIPBL","ATF4, PRDM1, GTF2F1, POLR2A, TP53, KLF4, TRIM28,
EHMT2, IKZF3, ZC3H4, ZNF750, ZNF683"
"GO:0017056","structural constituent of nuclear pore",1.9703668,10,0.1325,3.4e-11,8.7e-07,"TPR, NUP153, NUP205, NUP160, NDC1, NUP133,
NUP107","NUP93, NUTF2"
"GO:0070577","lysine-acetylated histone binding",1.459531,10,0.1175,4.2e-11,2.3e-06,"TAF1, YEATS4, TRIM24, PSME4, SIRT1, ZZZ3, BRD7,
ATAD2B, PHIP","DPF2, SMARCA4, CARM1, ZZEF1, BRD4, BRD9, THAP7"
"GO:0003690","double-stranded DNA binding",1.459531,10,0.1925,5.2e-11,4e-08,"CRY1, DHX9, ERCC5, MSH6, HMGB1, HMGB2, IFI16, MRE11,
MSH2, PRKDC, RAD51B, SATB1, TDG, TOP1, MTERF1, CGGBP1, POLR3F, RAD51AP1,
ZMYND11, POLG2, KIN, IFIT5, ZNF638, NEIL3, DDX60, WDR48, NUCKS1,
SPRTN","HMGB3, MEN1, NTHL1, RXRA, SAFB, BANF1, PQBP1, PNKP,
PARK7, REXO4"
"GO:0140658","ATP-dependent chromatin remodeler activity",1.7514371,10,0.2075,5.7e-11,1.8e-06,"SMARCA1, SMARCA5, CHD1L, SMARCAD1","CHD3, CHD4, SMARCA4, CHD8"
"GO:0050681","nuclear androgen receptor binding",1.2630556,10,0.0225,6.2e-11,0.00068,"DDX5, RNF6, TMF1, KDM4C, KDM3A","CALR, DAXX, PRKCB, SMARCA4, TGFB1I1, ARID5A, PARK7,
FOXP1, ZBTB7A, WIPI1"
"GO:0003899","DNA-directed 5’-3’ RNA polymerase activity",1.6741679,10,0.0225,7.3e-11,0.012,"POLR2B, MED21, POLR3G, CRCP, POLR1B","POLR2A, POLR2E, POLR2J, POLR2L, POLRMT, POLR3A,
POLR1A, POLR3H"
"GO:0043022","ribosome binding",1.6801577,10,0.2025,1.4e-10,3.7e-08,"DHX9, EIF2S1, ETF1, FMR1, SRP19, SRP72, SERBP1, SBDS,
TMCO1, SLFN12, CCDC47, NAA16, NAA15, EIF2A, ERI1, CPEB2, YTHDF3","EEF2, IGHMBP2, EIF6, RPSA, IFRD2, BAG6, NAA10, EIF3C,
TMEM147, SEC61B, SEC61G, SEC61A1, NCLN, ZC3H12A, ZNF598, DAPL1"
"GO:0019903","protein phosphatase binding",1.5229888,10,0.1225,2e-10,2.9e-07,"CDC27, CDKN1B, MAPK14, ITGA1, NEK2, PIK3R1, MAPK8,
PTK2, HSP90B1, SHOC2, AP3B1, IQGAP1, MTMR4, EIF2AK3, KIF3A, KIFAP3,
FBXL2, TBK1, ANAPC4, STX17, MTMR9","ANK1, CEACAM1, CDH5, EGFR, FLT4, GTF2F1, JAK3, JUP,
LCK, LGALS3, MAP2K7, PXN, STAT3, STAT6, TRAF2, VCP, MTMR3, IKBKE, MVP,
LILRB4, VRK3, PPME1, ANAPC7, STYXL1, AMBRA1, SIRPA, FCRL6"
"GO:0019905","syntaxin binding",1.733193,10,0.075,2.1e-10,7.4e-07,"PTPN2, STXBP3, STX7, STX16, SNAP23, SCFD1, BLOC1S6,
SYT6, STXBP4","ABL1, CACNA1A, GOLGA2, STXBP1, VAMP2, STX10, STX8,
TMED9, VPS11, VPS18"
"GO:0005085","guanyl-nucleotide exchange factor activity",1.3135779,10,0.04,2.6e-10,4.8e-06,"ARF4, RCBTB2, ECT2, EGF, EIF2B1, NUCB2, RAP1A,
RAP1GDS1, ITSN1, SOS1, LAMTOR3, ARHGEF10, RAPGEF2, DOCK4, DENND4A,
ARFGEF2, ARFGEF1, GNA13, RAPGEF4, DIS3, SWAP70, MYCBP2, ARHGEF12,
RAB3GAP2, GAPVD1, CCZ1, RAPGEF6, WDR41, DOCK10, DENND4C, CCDC88A, RIC1,
ALS2, RHOU, SBF2, FGD4, RINL, DOCK11, DENND1B, DENND6A, C9orf72,
SPATA13","ABR, BCR, RAPGEF1, HPS1, NUCB1, PTGIR, RAB3IL1,
RASGRF2, SBF1, TRIO, VAV1, MADD, GBF1, EIF2B4, EIF2B2, EIF2B5, ARHGEF1,
CYTH2, CYTH1, RALGPS1, RGP1, ARHGEF17, PREB, RASGRP2, ARHGEF15, IQSEC2,
DNMBP, ARHGEF18, NGEF, PLEKHG3, SERGEF, CYTH4, LAMTOR2, RANGRF, RHOD,
DEF6, ARHGEF4, RHOF, EPS8L1, LAMTOR1, ARHGEF10L, PLEKHG6, ARHGEF40,
PLEKHG5, DENND1A, EPS8L2, RIN3, DENND1C, DENND2D, SH3BP5L, MON1A, FGD3,
RASGRP4, ARHGEF19, FGD5, RASGEF1B, PLEKHG4B, FGD2, LAMTOR4, CCDC88C"
"GO:0003684","damaged DNA binding",1.4403266,10,0.045,3.2e-10,0.00074,"ERCC4, ERCC5, HMGB1, HMGB2, PCNA, RAD1, RBBP8, TDG,
XPA, CUL4B, ZNF432, POLQ, NEIL3, SDE2","CRY2, DDB1, DDB2, ERCC1, MPG, NTHL1, OGG1, POLD1,
RPS3, UNG, SIRT6"
"GO:0051721","protein phosphatase 2A binding",1.4927021,10,0.005,3.4e-10,4.2e-07,"STRN, ARPP19, STRN3, CTTNBP2NL, MASTL","ADCY8, ENSA, PTPA, TP53, SPHK1, SMG7, STRN4, PPME1,
GRIN3A, DAB2IP"
"GO:0008094","ATP-dependent activity, acting on DNA",1.459531,10,0.145,3.5e-10,6.6e-07,"BLM, BPTF, MSH6, MSH2, RAD51B, RBBP4, RFC3, SMARCA1,
TOP2A, TTF2, BTAF1, DMC1, DHX36","XRCC6, IGHMBP2, SMARCA4"
"GO:0008143","poly(A) binding",1.5156668,10,0.1375,3.9e-10,5.6e-05,"DDX1, DDX3X, TIA1, KHDRBS1, PABPC1, RBMS3, LARP4","PABPC4, EIF4A3"
"GO:0030276","clathrin binding",1.4166036,10,0.015,4.8e-10,0.045,"PIK3C2A, PICALM, CLINT1, TOM1L1, AFTPH, LRRK2,
SYT6","HIP1R, TOM1, LDLRAP1, TOM1L2"
"GO:1990756","ubiquitin-like ligase-substrate adaptor activity",1.80295,10,0.025,4.9e-10,0.00064,"SH3BGRL, SKP2, VHL, PDCD6, FEM1B, APPBP2, KLHL2,
KLHDC10, KLHDC2, FBXL2, DCAF13, FBXO9, FBXO4, FBXO3, DET1, FEM1C,
SUV39H2, KLHL15, ARRDC4, PCMTD1, KLHDC1, FBXO45","CDC20, AXIN1, BTRC, KEAP1, ZSWIM8, TRPC4AP, FZR1,
FBXL19, FEM1A, AMBRA1, KLHL25, KCTD17, SPSB1, SPSB2, KLHL22, SPSB4,
ARRDC1, KLHDC3, ANKRD9, PEF1"
"GO:0000977","RNA polymerase II transcription regulatory region
sequence-specific DNA binding",1.0619721,10,0.02,6.7e-10,2.8e-05,"ATF1, CDC5L, ATF2, E2F3, E2F6, NR3C1, HIF1A, HOXD8,
MEF2A, MEF2C, MXI1, RFX5, RFXAP, SATB1, SP3, TFDP1, NR2C2, VEZF1,
ZNF175, HESX1, NR1I2, ZBED4, ATF6, SATB2, ADNP, TBX20, IKZF5, ZBTB10,
CREBRF","ACTN4, RUNX3, CEBPB, CUX1, DACH1, DBP, E2F2, E4F1,
ENO1, FOSL2, GATA4, GLI1, IRF1, LMX1B, MAX, MEF2D, MNT, PBX1, RARA,
RELA, RPS3, RREB1, RXRA, SREBF1, STAT6, BARX2, RFXANK, HAND2, NR1D1,
DEAF1, ATF5, MLXIP, CASZ1, ZBTB4, ZBED2, OSR2"
"GO:0003730","mRNA 3’-UTR binding",0.6337437,10,0.1325,9.9e-10,7.2e-07,"AUH, CRYZ, DDX5, FMR1, HNRNPA2B1, TIA1, TIAL1, FXR1,
IGF2BP3, CPEB3, PUM2, SERBP1, PABPC1, SECISBP2, UTP23, ANGEL2, LARP4,
RC3H1, DHX36, MIR10B","CIRBP, ELAVL1, TP53, YBX3, RNF40, RNPS1, RBPMS,
LARP1, CARHSP1, ZNF385A, PCBP4, TUT1, ZC3H12A"
"GO:0046966","nuclear thyroid hormone receptor binding",1.7133624,10,0.035,1.9e-09,2.5e-06,"GTF2B, GTF2H1, MED1, TAF7, TAF11, TRIP12, ZNHIT3,
MED17, MED13, MED4, MED30, JMJD1C","OASL, MED24, MED12, MED16, ARID5A, NCOA6"
"GO:0035198","miRNA binding",1.2078877,10,0.115,2e-09,1.1e-06,"FMR1, HNRNPA2B1, DDX21, MATR3, PUM2, ZC3H7A, PNPT1,
RC3H1, AGO3, NEAT1","ELAVL1, RBM10, ZC3H7B, ZNF346, ZC3H12A, ZC3H10"
"GO:0017124","SH3 domain binding",1.4139206,9,0.015,3.2e-09,0.029,"CRK, PTPN12, ADAM9, ABI1, ABI2, LANCL1, KHDRBS1,
CD2AP, RUFY2","ABL1, CD3E, CYBA, DNM2, DRD4, GPX1, GRB2, WAS,
CNTNAP1, ADAM15, WASF2, NOXA1, CBLC, EVL, MICAL1, RUFY1, ESPN, REPS1,
CRB3, DAB2IP, ARHGAP27, NCF1"
"GO:0004197","cysteine-type endopeptidase activity",1.3042617,10,0.015,3.5e-09,0.00017,"CASP3, CASP8, SFRP1, USP9X, USP13, USP14, USP10,
USP8, USP34, USP15, USP16, USP33, USP49, USP37, ATG4C, USP12","CASP2, CTSB, CTSD, CTSH, LGMN, USP5, USP11, CTSF,
USP2, RCE1, USP20, ATG4B"
"GO:0004715","non-membrane spanning protein tyrosine kinase
activity",1.6419723,10,0.0225,4.2e-09,2.9e-07,"BMX, CLK1, DYRK1A, FER, JAK2, PTK2, TEC, YES1, MELK,
PEAK1","ABL1, PTK2B, FGR, FYN, ITK, LCK, PTK6, SYK, TYK2,
ZAP70, PKDCC"
"GO:0004879","nuclear receptor activity",1.2162758,9,0.015,5.7e-09,0.0015,"AHR, NR3C1, PPARA, NR1I2, NR1D2","ESR2, NR5A2, PPARD, RARA, RXRA, SREBF1, STAT3, THRA,
VDR, NR1H3"
"GO:0097602","cullin family protein binding",1.6680354,10,0.0175,6.4e-09,0.0055,"DCUN1D4, BTBD1, DCUN1D1, KCTD9, KLHL9, DCUN1D5,
KCTD6","DDB1, KLHL21, RBX1, CCDC22, ANAPC11, KCTD17, KLHL36,
DCUN1D3, KCTD21"
"GO:0008266","poly(U) RNA binding",1.7788033,10,0.06,9.9e-09,0.002,"FMR1, HNRNPH1, SSB, KHDRBS1, IFIT5, PABPC1, RBMS3,
PNPT1","PABPC4, MCRS1, DAZAP1, DIS3L2, PATL1"
"GO:0000400","four-way junction DNA binding",1.7788033,10,0.075,1.2e-08,1.4e-05,"BLM, MSH6, HMGB1, HMGB2, MSH2, RAD51B, WRN, XRCC2,
YY1, GEN1","ABL1, HMGB3, MEN1"
"GO:0046332","SMAD binding",1.3987172,10,0.0325,1.3e-08,0.0024,"BMPR1A, BMPR1B, CTNNB1, DDX5, MEF2A, TCF12, TGFBR1,
YY1, HMGA2, MAGI2, USP15, IPO7, FERMT2, SMURF2, RANBP3L","ACVR1B, ACVRL1, DAB2, SKI, AXIN1, STUB1, ZBTB7A,
CREB3L1"
"GO:0051010","microtubule plus-end binding",1.2770896,8,0.005,1.4e-08,0.012,"APC, CLIP1, CLASP2, KIF18A, TTBK2","NUMA1, STIM1"
"GO:0048156","tau protein binding",1.3472593,10,0.035,1.6e-08,0.00032,"DYRK1A, HSP90AA1, PICALM","APOE, CLU, MARK2, FYN, HDAC6"
"GO:0048027","mRNA 5’-UTR binding",0.9951347,10,0.2175,1.6e-08,8.3e-07,"DDX3X, FMR1, RPS3A, IGF2BP3, GNL3, UTP23, DHX36","RPS13, RPS14, LARP1"
"GO:0019900","kinase binding",1.3960731,10,0.1475,1.9e-08,9e-05,"FAS, CDC6, CRK, CTNNB1, PDE8A, PPP2R5A, RB1, SP100,
PIP5K1A, TAX1BP1, UBQLN1, CAB39, WWC2, STRADA, MOB1B","ATP1A4, CEACAM1, CEBPA, DGKQ, EGFR, EMP2, FLNA, HTT,
MYCN, PER1, PFKL, POLR2A, RAD23A, RPS3, TRIP6, TRADD, MYOM1, AURKB,
LRRC14, STUB1, CDC37, PARK7, ATF5, WWC1, SIT1, TOLLIP, EIF4ENIF1, MIDN,
DAB2IP"
"GO:0070411","I-SMAD binding",1.6419723,5,0.005,2.5e-08,0.024,"CTNNB1, SMAD4, TGFBR1","ACVR1B, FKBP1A, SMAD6, TGFB1I1, AXIN1, SMURF1"
"GO:0004407","histone deacetylase activity",1.6741679,10,0.0425,2.6e-08,4.1e-06,"HDAC2, HDAC9, SIRT1, MIER1, MIER3","HDAC1, HDAC3, HDAC6, HDAC5, SIRT2, HDAC7, MIER2,
HDAC11"
"GO:0097718","disordered domain specific binding",1.4979397,10,0.305,3.6e-08,1.4e-07,"CLTC, DFFB, HSP90AA1, MDM2, RB1, NCOA3, PPIL1","FYN, GAPDH, HSPA1A, NUMA1, TP53, FKBP8"
"GO:0070530","K63-linked polyubiquitin modification-dependent
protein binding",1.6741679,10,0.01,5.4e-08,0.025,"ZBTB1, TAB2, SPRTN, ZRANB3, TAB3","IKBKG, SQSTM1, IKBKE, PRPF8, ATRIP, ASCC2, PARP10,
WDR81"
"GO:0101005","deubiquitinase activity",1.459531,10,0.025,5.9e-08,0.0024,"USP9X, USP14, USP15, STAMBP, USP25, USP47, YOD1,
USP28, USP48","OTUD5"
"GO:0043565","sequence-specific DNA binding",1.0674182,10,0.02,6.7e-08,0.015,"CBFB, E2F3, BPTF, HHEX, HIF1A, RBPJ, SMAD4, MEF2A,
NFE2L2, PPARA, RFX5, SATB1, SP4, TAF1, TFAM, NR2C2, ZBTB14, ZNF24,
ZNF140, ZNF148, ZNF224, CLOCK, ZBTB33, ZBTB18, PPARGC1A, PRDM5, ATF6,
ZNF281, THAP1, GZF1, THAP9, LHX4, CTCFL, ZBTB49, YY2","ATF4, BCL6, CENPB, CUX1, E2F1, E2F2, EGR4, EPAS1,
NR2F6, ERF, FOXD4, FOXL1, FOXE1, NR5A2, GATA4, GSC2, HIC1, HLX, HES1,
HSF1, FOXK2, IRF3, IRF5, IRF6, SMAD3, MEOX1, MMP12, MSX2, NFE2, POLRMT,
POU2F2, POU3F1, POU6F1, RXRA, SPI1, TBX1, TFAP2A, TFAP4, USF1, USF2,
ZBED1, LONP1, MAFB, BATF, ARID5A, IKZF3, ATF5, ZNF423, SIRT3, MAFF,
SPDEF, POU2F3, GRHL1, TBX21, FOXP3, CHCHD2, MEIS3, ZBTB4, GRHL3, GRHL2,
OSR2, IRX2, SCX"
"GO:0008137","NADH dehydrogenase (ubiquinone) activity",1.0946482,10,0.07,9e-08,5.9e-07,"NDUFS1, NDUFV2","NDUFB7, NDUFS2, NDUFS3, NDUFV1, NDUFS8, NDUFS7"
"GO:0031072","heat shock protein binding",1.1788519,10,0.02,9.6e-08,0.009,"APOA2, GPR37, PPID, TPR, METTL18, METTL21A","DAXX, FKBP4, HTT, HSF1, HSPA1A, HSPA1B, ITGB2, LIMK1,
ZFP36, STUB1, TOMM34, LMAN2, CDC37, PDXP, CAMKMT"
"GO:0042169","SH2 domain binding",1.3865544,10,0.02,1.3e-07,0.022,"ARHGAP5, CRK, JAK2, PTK2, KHDRBS1, NLK, CCDC88A,
PAG1","ABL1, INPPL1, LCK, SQSTM1, SH2B2, NUP62, SIT1, BLNK,
RUFY1, SIGLEC10, SH3PXD2B"
"GO:0016922","nuclear receptor binding",1.155462,10,0.0275,1.4e-07,0.0051,"CRY1, CTNNB1, HIF1A, MED1, SMARCE1, TAF1, NCOA3,
NRIP1, NR1I2, NCOA2, PPARGC1A, SIRT1","ACTN4, SMAD3, RXRA, SMARCD3, TADA3, TACC2, BCAS3"
"GO:0003678","DNA helicase activity",1.7983506,10,0.1775,1.5e-07,2e-05,"BLM, DDX3X, DHX9, DNA2, MCM4, MCM6, MRE11, RECQL,
WRN, CHD1L, RAD50, POLQ, SETX, RAD54B, RTEL1, ZRANB3, DHX36, MCM9","XRCC6, IGHMBP2, RUVBL1, RECQL5, RUVBL2"
"GO:0044183","protein folding chaperone",1.1630637,10,0.205,1.7e-07,1.3e-05,"CCT4, CCT2, CCDC47, ANP32E, APLF","CALR, CD74, HSPA1A, HSPA1B, HSPB1, PFDN1, PFDN2,
TAPBP, CCT3, KHSRP, CCT7, FKBP8"
"GO:0008270","zinc ion binding",1.3268463,10,0.0575,2e-07,0.0015,"ADH5, BIRC2, BLM, BMI1, CALB1, CYLD, GLO1, GRIN2B,
GTF2B, LIMS1, MDM2, MDM4, MMP8, MMP16, MNAT1, PEX12, PGGT1B, PHEX,
POLA1, PRIM1, KDM5A, RNF2, CLIP1, SIAH1, ZEB1, ZNF146, KAT6A, EEA1,
TRIM24, RNF8, PHF14, SEC24D, LANCL1, SEC24B, SEC23A, SLU7, USP16,
ZMYND11, SEC24A, DUSP12, USP33, MYCBP2, KDM4C, TAB2, ARIH1, RCHY1,
RNF11, C11orf54, ZCCHC4, APIP, LACTB2, TET2, RNF125, THAP1, ENPP5, ACE2,
IFIH1, IKZF5, HHIP, SUV39H2, UBA5, TET1, KDM7A, CDADC1, NUDT12, POLR1B,
ALKBH8, ESCO1, DNAJC24, ACMSD, PTGR2, RC3H1, PRIMPOL, KDM1B, NAPEPLD,
ZDHHC20, TAB3","ADA, ADAM8, ADH1B, CALR, CD4, CDA, CHD4, CRIP1,
CRIP2, CSRP1, ACE, DPEP1, ECE1, FNTB, GALT, LTA4H, SMAD3, MMP9, MMP12,
MT1E, MT1F, MT1X, MT2A, NQO2, P2RX4, CHMP1A, PDE2A, POLR2A, POLR2L,
RABIF, RNF5, RPS29, RXRA, S100A8, S100A9, S100A12, S100A13, SKI, SMPD1,
SNRPC, SOD1, TIMP1, TIMP2, TK1, TP53, ZNF185, KDM5C, BBOX1, PDXK, RGN,
LITAF, KDM4A, KMT2B, DPP3, TRIM28, PITRM1, POLR3A, RASSF1, MORC2, MSRB2,
SIRT2, KDM2A, ATP13A2, SIRT3, ISCU, CBLC, PLA2G15, POLR1A, TIMM13,
TIMM10, TIMM8B, ZBTB32, SIRT6, MSRB1, ADA2, FBXL19, QPCTL, SLC39A4,
HIF1AN, THAP11, IKZF4, DHX58, APOBEC3F"
"GO:0140566","histone reader activity",1.459531,10,0.035,2.1e-07,0.00094,"TP53BP1, CHD1L, PHF14, ZZZ3, MPHOSPH8","TONSL, ZZEF1, BRD4, PIH1D1, THAP7"
"GO:0033558","protein lysine deacetylase activity",1.6419723,10,0.065,2.1e-07,0.00037,"HDAC2, HDAC9, SIRT1","HDAC1, HDAC3, HDAC6, HDAC5, SIRT2, HDAC7"
"GO:0042054","histone methyltransferase activity",1.7201615,10,0.0925,2.3e-07,1.1e-05,"EZH2, EED, SUZ12, PRMT6, KMT2C, SETD7","PRMT1, SUV39H1, CARM1, NTMT1, DOT1L"
"GO:0035925","mRNA 3’-UTR AU-rich region binding",1.459531,10,0.065,4.1e-07,0.00089,"EXOSC9, FXR1, NUDT21, EXOSC8, CPEB3, RBMS3, CPEB2,
DHX36","ELAVL1, ELAVL3, ZFP36, KHSRP, HNRNPA0, EXOSC4,
ZC3H12A, MEX3D"
"GO:0043539","protein serine/threonine kinase activator
activity",1.5485267,10,0.02,4.3e-07,0.013,"CALM2, DDX3X, NBN, RHEB, STK3, STK4, IQGAP1, RAD50,
SPRY2, TOPBP1, CAB39, ETAA1, CCDC88A, TAOK1, ALS2, STRADA, RICTOR","BMP2, CALM3, CD40LG, IGF2, LTF, MAP2K2, TAOK2, ATG13,
TAB1, GCN1, MLST8, DAB2IP"
"GO:0009055","electron transfer activity",1.4255884,10,0.01,4.8e-07,0.001,"ADH5, ASPH, COX11, ETFA, ETFDH, FDX1, ME2, SDHD","ALDH2, AKR1B1, CYBA, ETFB, GPX2, IDH3B, NCF2, NQO2,
QDPR, SRD5A1, DEGS1, AKR7A2, RDH16, ALDH4A1, P4HA2, DHRS3, COX5A,
UQCR11, NDOR1, NCF1"
"GO:1990380","K48-linked deubiquitinase activity",1.5156668,10,0.01,5.1e-07,0.0034,"ATXN3, USP9X, USP13, USP8, USP15, DESI2, YOD1","OTUD5, USP36"
"GO:0140677","molecular function activator activity",1.427802,10,0.015,7.3e-07,0.00023,"BLM, CAPRIN1, PTK2, NEK7","AKT2, CDKN1A, EPHA2, HMGA1, MAP3K9, PLCB3, MAP2K7,
HTRA1, TP53, PTTG1, CITED2"
"GO:0032183","SUMO binding",1.9703668,10,0.045,7.7e-07,0.0013,"TDG, UBA2, USPL1, SERBP1, USP25","PML, CBX4, HERC2, PELP1"
"GO:0036002","pre-mRNA binding",1.2770896,10,0.125,8.8e-07,4.9e-05,"DDX5, SRSF3, SRSF6, TRA2B","PTBP1, TARBP2, RBM22"
"GO:0004402","histone acetyltransferase activity",1.3931886,10,0.04,9.9e-07,0.00031,"BRCA2, ATF2, TAF1, TAF10, KAT6A, NCOA3, HAT1, KAT2B,
CLOCK, BAZ1A, KAT6B","ARRB1, KAT5, KAT7"
"GO:0004714","transmembrane receptor protein tyrosine kinase
activity",1.0370352,10,0.01,1.8e-06,0.028,"DDR2","DDR1, EGFR, EPHA2, EPHB4, ERBB2, FLT3, FLT4, RET"
"GO:0031490","chromatin DNA binding",1.5762934,10,0.1075,1.8e-06,0.00017,"DHX9, EZH2, CLOCK, PPARGC1A","ACTN4, HSF1, PER1, RARA, RELA, STAT3, ZIC2, TOX,
RUVBL2, WBP2, GRHL1, SIRT6, GRHL3, GRHL2"
"GO:0016407","acetyltransferase activity",1.6840742,10,0.01,1.9e-06,0.036,"GTF2B, KAT6A, KAT2B, NAA16, NAA15, ESCO1, ESCO2","NAA10, SPHK1, KAT5"
"GO:0050321","tau-protein kinase activity",1.6840742,9,0.005,1.9e-06,0.0034,"GSK3B, MARK3, TTBK2","CDK5, CSNK1D, MARK2, GSK3A, PHKG2, BRSK2, MARK4"
"GO:0051059","NF-kappaB binding",1.6638653,10,0.0325,2e-06,0.00053,"GSK3B, HDAC2, NPM1, TAF4B, TP53BP2, BCL10, SETD6,
CDK5RAP3, MTDH","HDAC1, NFKBIA, RELA, HDAC3, CPNE1, PDCD11, BRMS1,
HIF1AN, RNF25, COMMD7"
"GO:0071889","14-3-3 protein binding",1.459531,10,0.01,2.6e-06,0.009,"PPP1R12A, NEK1, SRPK2, RBM7","AKT1, PI4KB, TP53, ZFP36, TBC1D22A, HDAC7, TBC1D22B,
RPTOR, KLHL22, DAB2IP, SYNPO2, FOXK1"
"GO:0031489","myosin V binding",1.459531,10,0.015,3e-06,0.0035,"RAB3B, RAB6A, RAB10, RAB14","RAB8A, RAB3A, RAB11B, RAB3D, RAB25, RAB3C"
"GO:1990381","ubiquitin-specific protease binding",1.2510265,10,0.0425,3.2e-06,0.0023,"CLTC, SUMO1, LCOR","RAD23A, VCP, BAG6, PARK7, SYVN1"
"GO:0008301","DNA binding, bending",1.6840742,10,0.0725,3.3e-06,0.0034,"HHEX, HMGB1, HMGB2, TERF1, TOP1, TOP2A, HMGA2","FOXD4, HMGB3, HMGA1"
"GO:0000995","RNA polymerase III general transcription initiation
factor activity",1.9703668,10,0.02,3.3e-06,0.01,"SNAPC1, GTF3C4, GTF3C3, SNAPC5","GTF3C1, GTF3C2, SNAPC4, GTF3C5, GTF3C6"
"GO:0030544","Hsp70 protein binding",1.2078877,10,0.0175,3.5e-06,0.002,"GPR37, PPID, SACS, DNAJC2, DNAJC10, DNAJB14, IQCG,
METTL21A, RNF207","DNAJB2, DNAJB1, MVD, RPS3, STUB1, DNAJB12, NOD2"
"GO:0070412","R-SMAD binding",1.3552787,10,0.025,3.6e-06,0.023,"DDX5, SMAD4, PPM1A, TRIM33","JUN, SMAD3, SMAD6, MEN1, RANBP3, STUB1, RGCC, PMEPA1,
SMURF1"
"GO:0003841","1-acylglycerol-3-phosphate O-acyltransferase
activity",1.5811585,9,0.005,3.7e-06,0.05,"LPGAT1, CRLS1, LPCAT2, AGPAT5, MBOAT1, LCLAT1","LPCAT3, AGPAT1, AGPAT2, AGPAT3, MBOAT7, LPCAT1,
GPAT2"
"GO:0004712","protein serine/threonine/tyrosine kinase
activity",1.0946482,10,0.02,3.8e-06,0.00021,"RPS6KB1","AKT1, PRKACA, MAP2K2, RPS6KA1, AURKB, TNK2"
"GO:1990247","N6-methyladenosine-containing RNA reader
activity",1.459531,10,0.065,3.8e-06,0.0018,"FMR1, HNRNPA2B1, IGF2BP3, YTHDF2, YTHDC2, YTHDC1,
RBM33, YTHDF3",""
"GO:0042162","telomeric DNA binding",1.1941617,10,0.02,4e-06,0.00023,"TERF1, SMG1, POT1, UPF2, UPF3A, ZBTB10","UPF1, TERF2, SMG7, TINF2, ACD, CTC1"
"GO:0070182","DNA polymerase binding",1.459531,10,0.0575,4.1e-06,0.0026,"FANCD2, HMGB1, HSP90AA1, PCNA, PTGES3, POLG2,
FANCI","SMARCA4, LONP1, NAT10, ACD, NABP2"
"GO:0106310","protein serine kinase activity",1.4074048,10,0.025,4.1e-06,0.0048,"DYRK1A, GSK3B, PIK3CB, PRKD1","CSNK1D, PRKACA, PRKCD, PRKD2, PINK1"
"GO:0030332","cyclin binding",1.2162758,9,0.01,4.3e-06,0.018,"CDK1, CDK6, CDKN1B, CDK14, CDK13, MDFIC, CDK12,
CDK5RAP3","CDKN1A, CRABP2, XRCC6, GAK, HDAC3, USP2, FBXO31"
"GO:0140938","histone H3 methyltransferase activity",1.5453857,8,0.01,4.3e-06,0.049,"EZH2, SETD2, PRMT6, ASH1L, KMT2E, SMYD2, SUV39H2,
SETD7, SETDB2","SUV39H1, SETD1B, DOT1L"
"GO:0060090","molecular adaptor activity",1.2907046,10,0.0825,4.5e-06,0.00021,"ADAM10, CAPN3, CDKN1B, FNTA, LOX, NCBP1, PCM1, PRNP,
PTPN11, RB1, MAP2K4, ITSN1, VHL, OFD1, LAMTOR3, IQGAP1, AKAP6, TANK,
AKAP9, DZIP1, TAB2, DYNC1LI1, OTUD4, CHCHD3, MICAL3, NKAP, WWC2, CEP63,
TBC1D31, RICTOR, TAB3","APBB1, ARRB2, COL4A2, E2F1, EIF4G1, HMGA1, IFI27,
MECP2, MYD88, PLCB3, PML, PSMD4, SLC9A1, SMARCD1, SPI1, TAPBP, TRAF2,
TYROBP, VIM, NELFA, BAG6, AXIN1, EIF3B, TRADD, FADD, RAB11FIP3, RBX1,
TAB1, GCN1, RBPMS, TREX2, WWC1, ISCU, LAMTOR2, FIS1, ECSIT, TOLLIP,
LAMTOR1, PSMG2, MAVS, RRAGD, UBE2Z, PSMG3, UBL7, NKD2, MIDN, TICAM1,
LAMTOR4"
"GO:0030674","protein-macromolecule adaptor activity",1.3865544,10,0.1225,4.5e-06,5.6e-05,"ATP1B1, ATP1B3, BBS4, NCK1, XK, UBXN8, TAX1BP1, CDYL,
IQCB1, ZNF432, PDCD6, RAD50, POLD3, ICE1, MORC3, NUFIP1, RACGAP1, NMD3,
DYNC1LI1, CNTLN, PPP4R2, RBM33","ANK3, BCL3, COL1A2, CSNK2B, DDB1, ERCC2, FKBP4, GAS6,
HCFC1, MEN1, PEX14, SLC9A1, TCOF1, TRAF2, SQSTM1, RAB11FIP3, ARPC4,
DCAF7, CNKSR1, STUB1, FAF2, EXOC7, NCSTN, PRPF6, PRPF31, APH1A, SRRT,
DGCR8, GATAD2A, WIPI1, AKIRIN2, RPTOR, MLPH, TRIM11, ZC3H18"
"GO:0001221","transcription coregulator binding",1.0216717,10,0.0375,5.7e-06,0.0017,"CTNNB1, CBX3","CHD4, NR5A2, GATA2, HMGA1, LMO2, PBX1, RXRA, SMARCA4,
SMARCD3, SREBF1, UBE2I, CREB3"
"GO:0044325","transmembrane transporter binding",1.2269683,10,0.08,5.9e-06,0.00018,"CALM2, CAMK2D, CTNNB1, DLG1, FMR1, PKD2, FXYD1,
TRAPPC2, SLC5A3, SRI, YES1, USP10, HOMER1, AKAP6, BAG2, RIMS2, AKAP9,
GPD1L, CABP4, GOPC, LRRK2, RNF207","ACTN4, ACTN1, ANK3, ATP2A3, BAK1, CALM3, CDH5, AP2M1,
DIAPH1, FKBP1A, FLNA, HTT, HRC, KCNB1, KCND3, KCNQ1, NOS1, PRKCSH,
S100A10, SNTA1, VDAC1, YWHAH, RIMS3, NEDD4L, KCNE4, PHPT1, RANGRF,
PACS1, SCN3B"
"GO:0044548","S100 protein binding",1.5156668,10,0.045,6.4e-06,9.5e-05,"IQGAP1","ANXA2, ANXA11, KCNK3, S100A1, S100A6, S100A11, EZR,
AHNAK"
"GO:0051020","GTPase binding",1.6638653,10,0.055,6.5e-06,0.0013,"GNB3, GOLGA4, HSP90AA1, RASA1, AIMP1, RRAGB, ATG14,
FNBP1L","ENO1, FLNA, GNB1, GNB2, LCP1, ULK1, STOML2, RASIP1,
LAMTOR1, AMBRA1, RRAGD"
"GO:0140311","protein sequestering activity",1.6840742,9,0.015,6.9e-06,0.024,"INSIG1, INSIG2, IMPACT, USP38","CDKN1A, CTNND1, SFN, SMAD6, NFKBIA, SEC14L1, SPI1,
TARBP2, TMSB4X, LAPTM5, SQSTM1, DDX56, PMEPA1, SESN2, LRRC15, TMC8"
"GO:0008134","transcription factor binding",1.3931886,10,0.03,7.8e-06,0.0067,"DDX3X, HMGB2, IFI16, PPID, PSMD10, TFCP2, SUMO1","FHL2, IGHMBP2, PIM1, PSMC5, UBE2I, ARID5A, WWP2"
"GO:0015631","tubulin binding",1.4033951,10,0.06,7.9e-06,0.00076,"PRNP, CLIP1, TPR, CEP135, KIF14, AGTPBP1, IFT81,
CENPJ, MAP7D3, PHF6, LRRK2","ALDOA, DCTN1, GJA1, MAP1A, NUMA1, RPS3, TPPP, ATF5,
TTLL12, EML2, TPPP3, MAP1S, AGBL5, RITA1"
"GO:0140693","molecular condensate scaffold activity",1.2911235,10,0.1025,1e-05,7.8e-05,"CCNT1, FMR1, HNRNPA2B1, CAPRIN1, NCK1, NFE2L2, PRNP,
SOS1, FXR1, G3BP2, NUP153, CARD8, WNK3, NEAT1","DAXX, FUS, LGALS3, MECP2, SQSTM1, BLNK, ALKBH5, MAVS,
CIDEC"
"GO:0000049","tRNA binding",1.5051413,10,0.025,1.1e-05,0.016,"SSB, AIMP1, XPOT, IFIT5, SEPSECS, TRNT1, TRMT10C,
DARS2, EIF2A, SLFN11, ALKBH8, TRMT10A, TYW5, NSUN6, EIF2AK4","HSD17B10, IGHMBP2, GTPBP1, PTCD1, YARS2, DALRD3,
PUS1"
"GO:0050750","low-density lipoprotein particle receptor
binding",1.3931886,10,0.0225,1.1e-05,0.025,"CLTC, HSP90B1, PICALM, LANCL1, ANKRA2","AP2A1, APBB1, APOE, AP2M1, CLU, HSPG2, SNX17,
LDLRAP1, PCSK9"
"GO:0070063","RNA polymerase binding",1.7788033,10,0.0575,1.2e-05,0.001,"BRCA1, CCNT1, CCNT2, DHX9, NEDD4, PKN2, TAF10,
PABPN1, TCERG1, YTHDC2","PPIB, ZFP36, PHRF1"
"GO:0070034","telomerase RNA binding",1.0946482,10,0.025,1.2e-05,0.01,"DKC1, SNRPD3, NAF1, DHX36","SNRPB, WRAP53, NOP10, NHP2"
"GO:0070064","proline-rich region binding",1.8524816,10,0.0225,1.4e-05,0.0041,"CYLD, NEDD4, ITSN1, ABI2, WBP4","ABL1, APBB1, CCND1, PFN1, BAIAP2, BAIAP2L1"
"GO:0032977","membrane insertase activity",1.5051413,10,0.0175,1.5e-05,0.0089,"EMC2, MMGT1, COX18","GET3, MTCH1, MTCH2, TIMM10, EMC9, EMC3, EMC6,
EMC10"
"GO:0070840","dynein complex binding",1.6741679,10,0.03,1.7e-05,0.00037,"APC, BICD1, CENPF, FMR1, PAFAH1B1, TPR, RAB29, SMC3,
ATMIN, GPSM2","NUMA1, HDAC6, DNAAF1"
"GO:0046982","protein heterodimerization activity",1.2255301,10,0.05,1.9e-05,0.00081,"ADRB1, AHR, ABCD2, APOA2, ATP1B1, BARD1, CHUK, FMR1,
GTF2A1, HIF1A, IL12A, ITGB1, MCL1, MEF2A, MEF2C, MTTP, PAFAH1B1, SNX2,
SRI, TAF1, TAF7, TOP2A, FXR1, NAE1, UBA3, SMC3, VAPB, UBA2, TENM1, LSM6,
IRAK3, ZHX1, ZBTB1, ATF6, LSM5, GCA, METTL3, RALGAPB, MICU2, RALGAPA1,
SRGAP2C","ADCY8, ADD1, ADD2, ADRA1B, ADRA2A, AGTR1, ATF4, BAK1,
BAX, BOK, CD247, CYBA, EPAS1, ERBB2, EXT1, HEXA, NR4A1, HSF1, IRAK1,
ITGA3, KCNB1, KRT1, KRT10, CEACAM6, NPAS1, P4HB, PAFAH1B3, PDGFB,
PPP2R1A, SLC3A2, SUPT5H, TCF3, TCOF1, TP53, USF1, USF2, YWHAH, IKBKG,
AOC3, PSMF1, FXR2, GABBR2, ABCG1, SAE1, KATNB1, MICU1, RRAGA, PHB2,
IKZF3, ZHX2, ZHX3, SLC7A8, SDCBP2, TRMT112, PGLYRP4, TENM2, RRAGD,
ABCG4, QTRT1, PGLYRP3, SLC51A, PEF1"
"GO:0140036","ubiquitin-modified protein reader activity",1.3931886,10,0.015,2.4e-05,0.011,"PEX1, FAN1","DNAJB2, VCP, LAPTM5, SQSTM1, ANKRD13D"
"GO:0019902","phosphatase binding",1.3251005,10,0.005,2.6e-05,0.0071,"CRY1, DLG1, PPP3R1, DZIP3, MAGI2, CHCHD3, CEP192,
SH2D4A, SPRED1, CNST","CRY2, SMAD3, MAPK3, PPP1R11, TSC2, ELL, SFI1, MAST2,
TRPC4AP, SPTBN4, SIGLEC10, SH3RF2, FCRL6"
"GO:0051117","ATPase binding",1.5775813,10,0.035,3e-05,0.0082,"ATP1B1, ATP1B3, ATXN3, PKD2, PLN, PPP3CA, RALA, RALB,
RDX, TRPC1, TOR1AIP1, NUFIP1, USP25, SNX10, NOP58, DNAJC10, TMEM106B,
ZNHIT6, VCPKMT, TMTC4, SLC2A13, METTL21A, SVIP","ANK1, ATP6V1E1, ATP6V0A1, EGFR, FBL, HRC, DNAJB1,
LCK, SNU13, PGR, PSEN1, S100A1, SLN, SNTA1, NR1H2, EZR, WFS1, BRSK2,
NCSTN, BBC3, ATP6V0A4, UBXN1, PIH1D1, SYVN1, NKD2, SLC26A9"
"GO:0043021","ribonucleoprotein complex binding",1.6680354,10,0.0625,3e-05,0.00099,"DDX5, MDM2, SRP54, IFIH1, ITCH, PHF6, UHMK1","PQBP1, CD2BP2, PPIH, PRPF6, PRPF31, GEMIN4, PRMT7,
RNF135, TIMM50"
"GO:0002020","protease binding",1.308545,10,0.025,3.4e-05,0.0025,"BRCA2, FAP, GSK3B, ITGAV, ITGB1, ITGB3, PRNP, SRI,
TTN, BCL10, RNF139, LONP2, SLC2A13, THAP5","ACR, ANXA2, COL1A1, COL1A2, COL3A1, COMP, CST3, CSTA,
CSTB, DPP4, DVL3, ECM1, F2RL1, INSL3, ITGA3, FURIN, SERPINE1, SERPINA1,
SERPINB6, SERPINF2, PSAP, STIM1, TIMP2, TNF, TNFAIP3, TP53, UBC, VWF,
FADD, F2RL3, FLOT1, ADRM1, PYCARD, ADAMTSL4, CD177, PINK1, CCBE1,
TYSND1"
"GO:0001671","ATPase activator activity",1.3135779,10,0.015,4e-05,0.033,"ATP1B1, ATP1B3, DNAJA2, DNAJB4, TOR1AIP1, DNAJC2,
DNAJC10, NKRF, DNAJC24","DNAJB2, DNAJB1, AHSA1"
"GO:0043015","gamma-tubulin binding",1.459531,10,0.01,4e-05,0.043,"BRCA2, DDX3X, OFD1, TUBGCP3, RACGAP1, CENPJ,
DIXDC1","PAK1, RAB11FIP5, GIT1, MARK4, B9D2"
"GO:0098505","G-rich strand telomeric DNA binding",1.3135779,10,0.01,4.2e-05,0.0037,"HNRNPA2B1, TERF1, POT1","TERF2, NABP2, CTC1"
"GO:0019843","rRNA binding",1.5156668,10,0.02,4.2e-05,0.0023,"NPM1, DDX21, FASTKD2, SBDS, PTCD3, ERI1","ANG, ERAL1, DDX28"
"GO:0008157","protein phosphatase 1 binding",1.7027861,6,0.005,4.3e-05,0.0067,"SHOC2, AKAP11","KCNQ1, LILRB2, PPP1R15A, SH3RF2, TPRN"
"GO:0035613","RNA stem-loop binding",1.8244137,10,0.075,4.8e-05,0.0026,"DDX3X, DHX9, FMR1, CSDE1, CPEB3, RC3H2, RC3H1","DDX56, METTL16, ZC3H12A"
"GO:0031369","translation initiation factor binding",1.459531,10,0.055,4.8e-05,0.0045,"DDX3X, FMR1","EIF4EBP1, EIF4G1, EIF2B4, EIF2B5, LARP1, DAPL1"
"GO:0000146","microfilament motor activity",1.2162758,10,0.01,6e-05,0.003,"MYO1B, MYH13","ACTC1, MYH7, MYH9, MYL6, MYO1D, MYO7A, MYO9B,
MYH14"
"GO:0005545","1-phosphatidylinositol binding",1.5637832,10,0.01,6.2e-05,0.013,"PICALM, EEA1, ZFYVE9, ZFYVE16, WDFY3, SNX10, WDFY1,
SESTD1","SCARB1, ZFYVE1"
"GO:0015035","protein-disulfide reductase activity",1.1590393,10,0.0125,6.3e-05,0.038,"PDIA6, DNAJC10, TMX3, TMX1, TXNDC5","GFER, P4HB, TXN, CCS"
"GO:0097110","scaffold protein binding",1.3443048,10,0.07,6.9e-05,7e-04,"BRAF, CASP8, CHUK, HSP90AA1, IL6ST, KCNH2, P2RY1,
MAP3K7, CRIPT, NLGN1, NLGN3, NLGN4X, PHF6","DSP, FYN, XRCC6, GRM2, KCNQ1, KRT5, KRT8, KRT15,
NOS1, PLCG2, MAP2K2, PSAP, SYK, TCOF1, UBTF, VIM, CACNA1H, CACNA1G,
CDC37, PARK7, ATG4B, TREM2"
"GO:0043014","alpha-tubulin binding",1.5853526,6,0.005,7.2e-05,0.045,"BBS4, FNTA, SPAST, OFD1, EML4, SETD2, RACGAP1, ARL8B,
TRIM36, TAOK1, DIP2B, TTLL7, DNAL1, EFHC1","FYN, HDAC6, ARL4C, ENKD1, ARL8A, FAM110C, WASH6P"
"GO:0045296","cadherin binding",1.2833807,6,0.01,7.3e-05,0.012,"APC, BMPR2, CTNNB1, CD46, PTPN11, PTPRJ, TRPC4,
PROM1","ANK3, ARVCF, CDH13, CTNND1, JUP, P2RX4, PTPRH, FXYD5,
TBC1D2"
"GO:0070628","proteasome binding",1.9902695,10,0.0375,7.5e-05,0.00037,"USP13, USP14, PSMD14, SACS, UCHL5, ZFAND1","BAG6, PSMF1, UBAC1, ADRM1"
"GO:0035591","signaling adaptor activity",1.2162758,10,0.01,8.7e-05,0.02,"CRK, DDX3X, FMR1, CAPRIN1, ABI1, ABI2, KHDRBS1","HCLS1, MYD88, STAT3, AXIN1, IKBKG, HAX1, SH2B2,
SCRIB, LDLRAP1, BLNK, MAVS, SLA2, DAB2IP"
"GO:0030374","nuclear receptor coactivator activity",1.204113,10,0.015,0.00013,0.0096,"FGF2, MED1, SS18, TMF1, MED17, NCOA2, PPARGC1A,
KDM4C, CCAR1, DCAF6, ENY2","ACTN4, ACTN1, ELK1, HMGA1, PRKCB, RBM14, CARM1,
NCOA6, ATXN7L3, ZMIZ2, HELZ2"
"GO:0034236","protein kinase A catalytic subunit binding",1.5637832,10,0.0175,0.00015,0.0053,"GSK3B, PRKAR1A, PRKAR2A, PRKAR2B, RYR2, PJA2","CSK, GSK3A, KCNQ1, EZR"
"GO:1990782","protein tyrosine kinase binding",1.3135779,3,0.01,0.00015,0.035,"BMPR2, CRK, HSP90AA1, ITGB1, PTPN11, KHDRBS1","CEACAM1, CD247, CD4, CDH5, DUSP3, EPHA4, PLCG2,
PHYHIP, BLNK, TREM2, PRR7, SIRPA"
"GO:0004129","cytochrome-c oxidase activity",1.2770896,10,0.02,0.00015,0.00065,"","COX4I1, COX5B, COX7A1, COX8A, COX2, COX5A,
COX4I2"
"GO:0043995","histone H4K5 acetyltransferase activity",1.3931886,9,0.01,0.00015,0.014,"KAT6A, ING3, JADE1","BRPF1, KAT7, JADE2, KAT8"
"GO:0043996","histone H4K8 acetyltransferase activity",1.3931886,9,0.01,0.00015,0.014,"KAT6A, ING3, JADE1","BRPF1, KAT7, JADE2, KAT8"
"GO:0016018","cyclosporin A binding",1.80295,10,0.0075,0.00017,0.048,"NKTR, PPID, PPP3CA, PPP3R1, RANBP2, PPIG, CWC27,
PPWD1, PPIL1","PPIA, PPIB, PPIF, PPIH, PPIL2"
"GO:0048487","beta-tubulin binding",1.5536942,10,0.0325,0.00019,0.0022,"BBS4, SPAST, SMC3, VAPB, LRPPRC, APPL1, EML4,
RACGAP1, ARL8B, TAOK1, TTLL7, IFT74","EMD, HTT, PEX14, TBCD, UXT, GJB6, GABARAPL1, BCAS3,
MAP1S, ARL8A"
"GO:0004722","protein serine/threonine phosphatase activity",1.5384245,10,0.025,0.00019,0.016,"PPM1A, PPM1B, PPP1CB, PPP1CC, PPP3CA, CDC14B, CDC14A,
MTMR4, PPM1E, PDP1, RPAP2, UBLCP1, PPM1K, PPTC7","LCK, PPM1G, PPP1CA, PPP4C, PPP5C, MTMR3, PPM1F,
BCKDK, CTDNEP1, MTMR14, TIMM50, PGAM5"
"GO:0046974","histone H3K9 methyltransferase activity",1.5325075,8,0.005,2e-04,0.043,"SETDB1, SETD5, ASH1L, SUV39H2, SETDB2","SUV39H1, EHMT2"
"GO:0044389","ubiquitin-like protein ligase binding",1.1590393,10,0.0225,0.00022,0.038,"USP13, CDK5RAP3, ITCH","JUN, VCP, HGS, UBE2C, DDRGK1, PRR7"
"GO:0003785","actin monomer binding",1.459531,4,0.005,0.00022,0.019,"PRKCE, TWF1, MTSS1, LIMA1","ABL1, MYL3, MYL4, NOS3, PFN1, TMSB4X, CORO1A,
TWF2"
"GO:0000987","cis-regulatory region sequence-specific DNA
binding",1.0946482,9,0.01,0.00023,0.015,"AHR, ATF2, E2F3, HIF1A, HMGB2, TFCP2, YY1, E2F8,
YY2","E2F1, E2F2, GATA3, HMGA1, SMAD3, MTF1, NFE2, NOTCH1,
NOTCH4, SPI1, TP53"
"GO:0140313","molecular sequestering activity",1.8973902,10,0.01,0.00024,0.048,"USP9X, WDR44, XAF1, GOPC","C1R, CALR, NFKBIA, SQSTM1, TSSC4, HSPBP1, EPN1,
NOSIP, TRIM15"
"GO:0005385","zinc ion transmembrane transporter activity",1.3683103,5,0.005,0.00025,0.048,"SLC30A1, SLC30A4, SLC30A9, SLC30A6, SLC39A10,
SLC39A8, SLC30A5, SLC30A7, SLC30A8","SLC30A3, SLC39A3, SLC39A2, SLC39A4, SLC39A13,
SLC39A11"
"GO:0031491","nucleosome binding",0.8513931,10,0.005,0.00025,0.018,"MLLT10, CHD1L, L3MBTL1, HP1BP3","NOC2L, SIRT6, DNTTIP1"
"GO:0005178","integrin binding",1.2355435,10,0.0175,0.00027,0.011,"FAP, FGF2, HMGB1, ITGA4, ITGAV, ITGB1, ITGB3, PTK2,
PTPN2, PTPRZ1, SPP1, ADAM17, ADAM9, EDIL3, ESM1, FRMD5","ACTN4, ACTN1, CALR, CD40LG, CD81, CD151, COL3A1,
EMP2, FBLN1, NRG1, ICAM2, ICAM3, IGF1, IGF2, ITGAX, ITGB2, LAMA5, LCP1,
ADAM11, MYH9, P4HB, PPIA, CXCL12, SELP, SFRP2, SYK, THY1, TLN1, TSPAN4,
TNXB, VWF, ADAM15, ITGB1BP1, ISG15, FBLN5, EGFL6, F11R, CD177, JAM2,
SVEP1, NPNT"
"GO:0042800","histone H3K4 methyltransferase activity",1.0946482,6,0.005,0.00029,0.026,"KMT2C","KMT2D, SETD1A, KMT2B, SETD1B"
"GO:0043024","ribosomal small subunit binding",2.0433433,10,0.025,0.00036,0.037,"DDX3X, MTIF2, NPM1, USP16, DHX29, PTCD3, CPEB2,
MTIF3","NME1, PIM1, UNG, EIF1, LARP1, ERAL1"
"GO:0035091","phosphatidylinositol binding",1.57833,8,0.005,0.00041,0.044,"ITPR1, MTM1, SLC9A3, SNX4, SNX13, PASK, PITPNB,
APPL1, SNX5, APPL2, MREG, CCDC88A, ESYT2, SNX16, FCHO2, MITD1,
EXOC8","GRB7, MYO1E, NUMA1, TULP3, HIP1R, PITPNM1, SNX17,
C2CD2L, SNX8, SNX12, BCAS3, PHF12, TNFAIP8L3, NCF1"
"GO:0005109","frizzled binding",1.459531,9,0.005,0.00042,0.013,"LRP6, MYOC, NDP, RYK, SFRP1, FZD1","DVL1, DVL2, DVL3, WNT3, RNF43, CCDC88C"
"GO:0005546","phosphatidylinositol-4,5-bisphosphate binding",1.2833807,10,0.01,0.00043,0.042,"KRIT1, MYO1B, TWF1, TTPA, PICALM, PLCB1, SESTD1,
SNX18, FCHO2","ANXA2, DEFB4A, DNM2, KCNQ1, PFN1, PLCD1, SLC9A1,
TULP1, HIP1R, SYT7, RAB35, TWF2, PHLDA3, LDLRAP1, SDCBP2, ADAP2, JPH2,
PLEKHA4, MYO1G, SNX21, PLA2G4E, SNX20, COMMD1, AMER2, ANXA8"
"GO:0005547","phosphatidylinositol-3,4,5-trisphosphate binding",1.2770896,8,0.0075,0.00044,0.031,"MYO1B, OGT, IQGAP1, ZFYVE16, FERMT2, RACGAP1,
KIF16B","AKT1, GBF1, HIP1R, GAB2, PHLDA3, ZFYVE1, ADAP2, JPH2,
MYO1G, ARHGAP9, ARAP1, PLA2G4E, COMMD1, ANXA8"
"GO:0015459","potassium channel regulator activity",1.0569017,10,0.01,0.00047,0.019,"DLG1, SLC5A3, SUMO1, KCNAB1, KCNE3, AKAP9, ARPP19,
SGK3","ADRB2, DPP6, FLNA, KCNAB2, NEDD4L, KCNIP3"
"GO:0005158","insulin receptor binding",1.2314792,4,0.0075,0.00053,0.0053,"PIK3R1, PTPN11, SNX2, SNX4, CCDC88A","IGF1, IGF1R, IGF2, INSL3"
"GO:0008327","methyl-CpG binding",1.0470548,10,0.005,0.00058,0.013,"ZBTB33, ZBTB21, TET1, LHX4, ZBTB38","ERH, PRMT1, CHTOP, MBD3, ZBTB4, LRWD1"
"GO:0030957","Tat protein binding",1.7514371,10,0.0375,0.00061,0.01,"NPM1, MDFIC","ACTB, SMARCA4, SMARCB1, CTDP1, GABARAPL1, DLL1"
"GO:0017025","TBP-class protein binding",1.6131658,10,0.015,0.00063,0.011,"AHR, DR1, NR3C1, GTF2A1, GTF2B, HHEX, TAF1, TAF11,
TAF13, TAF1B","THRA, RUVBL1, DRAP1, RUVBL2"
"GO:0004526","ribonuclease P activity",1.5325075,5,0.005,0.00071,0.038,"RPP14","POP7, RPP30, RPP38, POP4, POP5, RPP25"
"GO:0033204","ribonuclease P RNA binding",1.5325075,5,0.005,0.00071,0.038,"RPP14","POP7, RPP30, RPP38, POP4, POP5, RPP25"
"GO:0003774","cytoskeletal motor activity",1.459531,10,0.015,0.00073,0.015,"KIF2A, MYO6, KIF15","KIF1A, KIF3C, KLC1, MYL6, PIN1, KIF1C, MYL6B"
"GO:0051219","phosphoprotein binding",0.8919356,10,0.0075,0.00076,0.024,"PAFAH1B1, PKD2, RB1, URI1, TBK1, PHF6","MEN1, PIN1, PRKCSH, RRAGA, PIH1D1"
"GO:0004386","helicase activity",1.2770896,10,0.01,0.00077,0.03,"BLM, DNA2, EIF4A1, EIF4A2","RECQL5, DDX23, DDX19B"
"GO:0047617","fatty acyl-CoA hydrolase activity",1.3472593,9,0.005,0.00083,0.032,"ABCD2, ABCD3, ACSBG2","ABCD1, ACOT8, ACOT2, ACOT9, ACOT1"
"GO:0001216","DNA-binding transcription activator activity",1.4230427,4,0.005,9e-04,0.047,"BRCA1, E2F3, E2F5, HIF1A, PPARA","BNC1, E2F1, GATA4, IRF3, SOX10, SPI1, GRHL2,
ZNF341"
"GO:0000149","SNARE binding",1.0946482,9,0.01,0.00093,0.04,"PICALM, STX7, SEC24D, STX17, LRRK2","STXBP1, VAMP2, NAPA, SNAPIN"
"GO:0003676","nucleic acid binding",0.9632904,7,0.005,0.00094,0.02,"TDG, HMGA2, RYBP","IMPDH1, MECP2, NFATC1, PA2G4, SULT2B1, EHD4, EHD2,
DOT1L"
"GO:0050699","WW domain binding",1.7283919,6,0.005,0.0011,0.02,"KIF20B, RAPGEF2, WBP1, NDFIP2, ENAH, WBP2NL","NFE2, SCNN1A, SCNN1B, SCNN1G, TP63, LITAF, TNK2,
WBP11, PMEPA1"
"GO:0019838","growth factor binding",0.9730206,5,0.005,0.0013,0.034,"ACVR2B, IL6ST, TGFBR1","ACVR1B, EPHA2, ERBB2, FLT4, NKD2"
"GO:0003755","peptidyl-prolyl cis-trans isomerase activity",1.5229888,5,0.005,0.0013,0.024,"NKTR, PPID, RANBP2, PPIG, CWC27, PPWD1, PPIL1,
FKBP7","FKBP1A, FKBP4, PIN1, PPIA, PPIB, PPIF, PPIH,
PPIL2"
"GO:0008135","translation factor activity, RNA binding",1.6741679,8,0.01,0.0014,0.029,"EIF1AX, EIF4A1, EIF4G2, MTIF2, EIF4G3, EIF2S2, CPEB3,
MTIF3","ABCF1, EEF1D, EIF4G1, EIF4E2, EIF1"
"GO:0051018","protein kinase A binding",1.0946482,7,0.005,0.0015,0.047,"RDX, AKAP6, AKAP10, GSKIP, LRRK2, CRYBG3","RARA, RPS3, EZR, WASF2"
"GO:0004708","MAP kinase kinase activity",1.5922156,5,0.005,0.0016,0.046,"BRAF, MAPK14, MAP2K6, MAPKAPK5","MAP2K2, MAP2K3, MAP2K7, MAPKAPK3"
"GO:0042605","peptide antigen binding",1.2770896,5,0.005,0.0017,0.013,"HFE","DHCR24, FCGRT, HLA-A, HLA-B, HLA-C, HLA-DPB1,
HLA-DQA1, HLA-E, HLA-G, TAPBP, SLC7A5, MAML1, SLC7A8"
"GO:0017022","myosin binding",1.0946482,2,0.005,0.0017,0.046,"RALA, ARFGEF1","ACTA1, ACTC1, RHOA, GIPC1, MLPH"
"GO:0008168","methyltransferase activity",1.5637832,5,0.005,0.0018,0.048,"PRMT3","COMT, GAMT, PRMT1, MGMT"
"GO:0016279","protein-lysine N-methyltransferase activity",1.4074048,7,0.005,0.0018,0.046,"EZH2, SETD2, SMYD2, VCPKMT, SETD6, SETD7,
METTL21A","EHMT2, EEF2KMT"
"GO:0005198","structural molecule activity",1.2162758,10,0.0275,0.0021,0.033,"ASPH, STX2, FGG, PLP1, MATR3, TMEM30A","APOE, CRYAB, HMGCL, HMOX1, LAMA2, MAP4, NUMA1,
SPRR1B, SPRR2E, TUBA1A, MAP7, KRT75, TUBA1B, DCTN3, MAPK8IP2, TUBG2,
PANX2, TUBA1C, TUBB"
"GO:0016409","palmitoyltransferase activity",1.8244137,5,0.005,0.0021,0.044,"ZDHHC17, ZDHHC13, ZDHHC6, ZDHHC20, ZDHHC21","ZDHHC5, ZDHHC1, ZDHHC8, ZDHHC9, ZDHHC3, ZDHHC7,
ZDHHC14, ZDHHC18, ZDHHC16, ZDHHC12"
"GO:0004532","RNA exonuclease activity",1.5637832,5,0.005,0.0022,0.046,"EXOSC9, EXOSC8, CNOT7, EXOSC3","EXOSC7, DCPS, EXOSC1, EXOSC4, EXOSC5, ZC3H12A"
"GO:0030331","nuclear estrogen receptor binding",1.3135779,8,0.01,0.0023,0.045,"CTNNB1, MED1, PPID, STRN, TAF10, NRIP1, LATS1,
DCAF13, LCOR","ARID5A, PADI2, NCOA6, WBP2, WIPI1, MMS19, DDX54,
PAGR1, ZNF366"
"GO:0001046","core promoter sequence-specific DNA binding",1.3472593,5,0.01,0.0023,0.018,"NR3C1, NPM1, TAF4","HDAC1, MMP12, TP53, ZBTB17, FOXP1"
"GO:0000175","3’-5’-RNA exonuclease activity",1.7027861,8,0.005,0.0024,0.048,"CNOT8, PAN2, XRN2, DIS3, CNOT7, PNPT1, DIS3L,
PDE12","ISG20, POLRMT, EXOSC7, USB1, TOE1, DIS3L2"
"GO:0010485","histone H4 acetyltransferase activity",1.5325075,10,0.015,0.0027,0.013,"BRCA2, ATF2, ING3, NAA50","KAT5, KAT7, NAA60"
"GO:0043997","histone H4K12 acetyltransferase activity",1.3931886,7,0.015,0.0028,0.017,"KAT6A, HAT1, ING3, JADE1","BRPF1, KAT7, JADE2"
"GO:0034450","ubiquitin-ubiquitin ligase activity",1.6419723,9,0.01,0.0028,0.038,"UBE2K, UBR5, PELI1","RBX1, STUB1, UBOX5, PPIL2, PRPF19, ANAPC11"
"GO:0070888","E-box binding",1.0104445,3,0.005,0.0029,0.013,"AHR, MITF, ZEB1, CLOCK","ASCL2, GATA3, HES1, MAX, PER1, SREBF2, TAL1, TCF3,
TCF15, TFAP4, HAND2, ATOH8, CIART, SCX"
"GO:0048306","calcium-dependent protein binding",1.4297446,10,0.015,0.0031,0.012,"ANXA3, CALM2, STX2, MBL2, CPNE3, PDCD6IP, PDCD6,
MASP2, S100PBP","ANXA2, ANXA6, ANXA11, DMBT1, MYO1D, NOS1, MASP1,
RAC3, S100A6, S100A11, S100P, SLC9A1, VAMP2, TNNI3, TNNT3, CABP1, NSMF,
VPS37C, RBM22, CD177, VPS37B, SLC24A4, PEF1"
"GO:0046875","ephrin receptor binding",0.9730206,3,0.005,0.0038,0.033,"CRK","ABL1, EFNA1, EFNA3, EFNA4, EFNB1, FYN, GRB2"
"GO:0005507","copper ion binding",1.3931886,4,0.005,0.0039,0.0055,"ATP7A, DCT, PRNP, COA6","AOC1, ANG, ATOX1, DBH, GPC1, P2RX4, S100A12, S100A13,
SOD1, TP53, AOC3, HEPH, CCS, COX17, PARK7, PRND, COMMD1"
"GO:0008142","oxysterol binding",0.9382699,10,0.005,0.004,0.02,"INSIG1, INSIG2","EPHX1, VDAC1, VDAC2, TMEM199"
"GO:0008307","structural constituent of muscle",0.7961078,4,0.005,0.004,0.049,"ASPH, CAPN3, TTN, MYOT","KRT19, MYH11, MYL3, MYL6, SMTN, MYOM1, MYL9,
MYL6B"
"GO:0000287","magnesium ion binding",1.3719591,10,0.015,0.0041,0.029,"GEM, GCLC, MSH6, HPRT1, IDH3A, IMPA1, ITGB1, LIG4,
MSH2, PRIM1, PRKACB, RAP2A, RHEB, RP2, SRPK1, SRPK2, STK3, STK4, TDG,
TOP2A, WRN, DYRK2, CDC42BPA, LATS1, OXSR1, PDCD6, UBA2, POLQ, MTHFD2,
PAPOLA, IRAK3, FAN1, STK38L, TDP2, NLK, STK26, SNRK, MTPAP, ENOSF1,
AASDHPPT, FIGNL1, TSSK3, NUDT12, LRRK2, DHX36, TSSK4, GEN1","ABL1, DXO, MARK2, ENDOG, EPHX2, EXTL3, EYA2, FARSA,
GSS, HMGCL, IDH2, IDH3G, FOXK2, MVK, NME1, PDE2A, POLR2A, MAP2K7, S100P,
STK11, TKT, PDXK, SPHK1, BRSK2, MAP3K6, ERN2, TPPP, POLR3A, TREX2,
MORC2, MAST1, MAST2, SIK3, POLR1A, MOV10L1, CDC42BPG, PDXP, XYLT2,
PINK1, DCTPP1, NUAK2, DIS3L2, YDJC, XXYLT1, NUDT8, PGP, ENDOV"
"GO:0005080","protein kinase C binding",1.1884752,10,0.02,0.0042,0.015,"ITGAV, TOP2A, ADAM9, HDAC9, CCDC88A","ABL1, DSP, HINT1, HSPB1, PRKCB, PRKCSH, SQSTM1,
PICK1, HDAC5, TWF2, PRKD2, HDAC7, UGT1A7, ADCY4"
"GO:0001217","DNA-binding transcription repressor activity",1.3472593,5,0.005,0.0043,0.046,"HIF1A, YY1, E2F8","SMAD3, RARA, SPI1, TCF7, ZBTB7B"
"GO:0008047","enzyme activator activity",1.6019242,7,0.005,0.0045,0.047,"TRIM23, ARL1, ERCC5, GMFB, MMP16, PRKCE, RFC1, PRKRA,
EED, GTF3C4, DBF4, SUZ12, RAB3GAP2, GPR158, FNIP1, KRTCAP2, FAM47E","DAD1, DDOST, CXCL1, MMP17, CTSA, PRKCD, PSAP, DPM2,
GMFG, SAE1, PITRM1, DBNL, DPM3"
"GO:0017075","syntaxin-1 binding",0.8757186,1,0.005,0.0046,0.0046,"DAPK1, LRRK2","STXBP1, VAMP2"
"GO:0004709","MAP kinase kinase kinase activity",0.9951347,4,0.005,0.0053,0.044,"MAP3K1, MAP3K7, LRRK2","MAP3K11, MAP3K6"
"GO:0016251","RNA polymerase II general transcription initiation
factor activity",1.4887216,7,0.005,0.0059,0.041,"DR1, GTF2A1, GTF2B, GTF2E1, GTF2F2, GTF2H3, SNAPC1,
TAF1, TAF4, TAF5, TAF7, TAF10, TBPL1, SNAPC5","GTF2F1, SNAPC4, DRAP1"
"GO:0004725","protein tyrosine phosphatase activity",1.1161119,4,0.005,0.0064,0.05,"ACP1, PTK2, PTPN2, PTPN11, PTPN12, PTPN13, PTPRG,
PTPRJ, PTPRZ1, DUSP11, CDC14B, MTMR7","DUSP2, DUSP3, DUSP7, PTPN6, PTPRF, PTPRS, MTMR3,
PTPRU, PTPN23, PTPN18, PTPN5, TIMM50, DUSP18, PGP"
"GO:0019706","protein-cysteine S-palmitoyltransferase activity",1.7788033,5,0.005,0.0066,0.033,"ZDHHC17, ZDHHC20, ZDHHC21","GLUL, YKT6, ZDHHC5, ZDHHC8, ZDHHC9, ZDHHC3, ZDHHC7,
ZDHHC18, ZDHHC12, ZDHHC19"
"GO:0003727","single-stranded RNA binding",1.1858689,9,0.01,0.0066,0.039,"DHX9, HNRNPF, AQR, IFIT5, LACTB2, DDX60, IFIH1,
AGO3","IGHMBP2, SNRPC, LONP1, DHX58, ENDOV"
"GO:0043531","ADP binding",1.2770896,9,0.01,0.0071,0.044,"GCLC, GLUD2, MSH6, MSH2, MYO6","ACTA1, ABCD1, MYH9, MYO9B, PPP5C, LONP1, ABCG1, NOD2,
MYO18A"
"GO:0004861","cyclin-dependent protein serine/threonine kinase
inhibitor activity",1.0946482,5,0.005,0.0072,0.0093,"CDKN1B, KAT2B","CDKN1A, CDKN2D, HEXIM1"
"GO:1990825","sequence-specific mRNA binding",1.5922156,5,0.005,0.0074,0.049,"DHX9, DHFR, ETF1, FMR1, SSB, TYMS","NOVA1, NOVA2"
"GO:0008237","metallopeptidase activity",1.2219329,4,0.005,0.0077,0.025,"ADAM10, ADAM17, ADAM9, ADAMTS1, PSMD14, AFG3L2,
COPS5, ACE2, BRCC3","ADAM8, ANPEP, ACE, ADAM11, MEP1A, MMP2, MMP7, MMP9,
PAPPA, CHMP1A, ADAM15, ECEL1, ADAMTS2, PITRM1, PAPPA2"
"GO:0001540","amyloid-beta binding",1.2290787,2,0.005,0.0081,0.017,"CALCR, GRIA2, PFDN4, PFDN5, PRNP, TGFB2, VBP1,
PGRMC1, GSAP, COL25A1","ACHE, ADRB2, APOE, ATP1A3, C1QA, CD74, CLU, CRYAB,
CST3, EPHA4, EPHB2, GRIN1, ITGB2, PFDN1, PFDN2, MARCO, LILRB2, PFDN6,
LILRB3, CLSTN1, LDLRAP1, TREM2"
"GO:0005509","calcium ion binding",1.0492481,4,0.005,0.0087,0.038,"BNIP2, BRAF, CALB1, CALM2, CALU, CAPN3, GALNT3,
HSPA5, ITGB1, LPL, PKD2, PLA2G4A, SRI, HSP90B1, TTN, IQGAP1, MELK,
C2CD5, PDCD6, GCA, GLCE, CABYR, SLC25A24, CABP4, ESYT2, STIM2,
MEX3B","AOC1, ADAM8, AIF1, ALOX15B, ALPL, ARSA, C1R, CALM3,
CALR, CAPN1, CASQ1, COMP, DNASE1L2, DNASE1L3, FBLN1, GJB2, GRIN1, GSN,
HRC, ITGA5, LETM1, MMP12, NOTCH4, PRF1, PRSS3, MASP1, RET, RYR1, S100A6,
S100A7, S100A8, S100A9, S100A12, S100A13, SELP, SNCB, STIM1, SYT5, TGM2,
TCHH, TKT, CLEC3B, DYSF, AOC3, CPNE1, NOL3, PKD2L1, RGN, OTOF, PITPNM1,
SPOCK2, BCL2L10, RASGRP2, MICU1, TUBB4A, CIB1, CAMKK2, MAN1B1, NCS1,
CLEC4E, PADI1, SDF4, CD320, TRPM4, ITLN1, RCN3, PITPNM2, CHP2, CDH24,
SLC25A23, SCUBE1, TTYH3, PITPNM3, CANT1, S100A16, AGRN, ANXA8"
"GO:0005324","long-chain fatty acid transmembrane transporter
activity",1.5922156,1,0.005,0.0088,0.0088,"ABCD3","ABCD1, FABP4, FABP5, SLC2A1, SLC27A5, SLC27A4,
SLC27A1"
"GO:0016791","phosphatase activity",1.4074048,10,0.005,0.0091,0.033,"PPP1CB, PPP1CC, PTPRJ, DUSP11, DUSP12, SACM1L,
PXYLP1","DUSP3, DUSP8, EPHX2, PPP1CA, PPP5C, SBF1, DUSP23,
PANK4, DUSP16, DUSP18, PGAM5"
"GO:0030246","carbohydrate binding",1.0946482,3,0.005,0.0094,0.031,"COL9A1","CALR, CD34, KRT1, LGALS3, LGALS9, SFTPD, MLEC,
CLEC10A, LMAN2, CD207"
"GO:0003756","protein disulfide isomerase activity",1.3931886,1,0.005,0.0096,0.0096,"ITGB3, PIGK, GLRX2, TMX1, TXNDC5","P4HB, QSOX1"
"GO:0032452","histone demethylase activity",1.0946482,5,0.005,0.01,0.012,"KDM5A, KDM6A, KDM4C, KDM7A, KDM1B","KDM5C, KDM4A, KDM2A, KDM4B, KDM6B"
"GO:0035035","histone acetyltransferase binding",1.2314792,4,0.005,0.011,0.036,"MEF2A, PCNA, TAF7, EID1","CITED2, SIRT2, FOXP3, ZBTB7A, BCAS3"
"GO:0005102","signaling receptor binding",1.2973608,2,0.005,0.011,0.038,"ALCAM, ANGPT2, APOA2, C5, CD58, CTNNB1, DIAPH2, F2R,
FGG, GDNF, HFE, JAK2, LPL, LRP6, MBL2, NCK1, P2RX7, SERPINE2, PKD2,
RASA1, SCP2, SRI, TGFB2, TRPC1, FZD1, TRIM24, MTSS1, AKAP9, PLXNC1,
ARPP19, IL1RAPL1, GLMN, CADM1, RAB8B, LEPROT, SCYL2, CAPRIN2,
ANKRD13C","ADM, ANG, APOE, FASLG, ARRB2, ASIP, BMP2, C3, CD2,
TNFSF8, CD72, CDH5, CLU, CSNK2B, CTNND1, DPP4, DVL3, EDA, EFNA1, ENSA,
DMTN, ERBB2, F2RL1, GAS6, GLA, CXCL1, GSK3A, HLA-A, HLA-B, HLA-E, HLA-G,
HSPA1A, HSPA1B, ICAM3, IGFBP4, IGFBP6, INSL3, LHB, LTA, LTB, MYO1C,
NRTN, NTF3, P2RX4, SERPINE1, PDGFRB, PEX14, PLAUR, PTPA, PSPN, RARA,
RARRES2, CCL17, CXCL12, SMARCD3, STAT3, SYK, TYROBP, WNT7A, BAG6,
TNFSF14, TNFSF12, TNFSF9, APLN, ARTN, MAP7, PICK1, SEMA4D, PDPN, GIPC1,
HCST, NMU, UTS2, TMED1, PARK7, ICOSLG, CLCF1, ABCA12, RND1, PCSK1N,
WIPI1, SEMA3G, DDX54, WNT5B, AMN, WNT3A, TIGIT, IL27, RSPO1, IGFL3"
"GO:0003950","NAD+ ADP-ribosyltransferase activity",0.7662538,1,0.005,0.012,0.012,"PARP4, SIRT1, TNKS2","SIRT2, SIRT3, SIRT6, PARP10"
"GO:0000166","nucleotide binding",1.80295,9,0.005,0.012,0.049,"APAF1, CDC6, ORC4, ORC5, POLA1, CHD1L, APLF","ABO, LTB4R, IMPDH2, NUBP1, DHRS3, NUBP2, CHFR"
"GO:0003887","DNA-directed DNA polymerase activity",1.459531,1,0.005,0.014,0.014,"POLA1, POLB, POLQ, POLI, PRIMPOL","POLD1, POLE, POLH, POLL, POLE4"
"GO:0019855","calcium channel inhibitor activity",1.7027861,6,0.005,0.014,0.044,"CALM2, ITPR1, SLC30A1","FKBP1A, TNNI3, PHPT1, PACSIN3"
"GO:0015485","cholesterol binding",1.2162758,8,0.005,0.014,0.029,"APOA2, SCARB2, SCP2, ERLIN1, GRAMD1B, STARD3NL,
OSBPL8, STARD4, GPR155","ANXA6, APOD, TSPO, CD81, STAR, SULT2B1, SYP, VDAC1,
VDAC2, NR1H3, NPC2, STARD3, GRAMD1A, STARD5, OSBPL5, PROM2"
"GO:0015026","coreceptor activity",1.4166036,1,0.005,0.015,0.015,"ACVR2A, IL1RAP, IL6ST, ITGA4, ITGAV, ITGB1, ITGB3,
LRP6, ROR1, RYK, LY96","CCR5, CSF2RB, ENG, ERBB2, IL2RB, IL2RG, LRP5,
IL18RAP, RAMP2, IL17RC, TMIGD2"
"GO:0008276","protein methyltransferase activity",1.9703668,4,0.005,0.015,0.021,"FAM98A, N6AMT1, METTL21A, FAM98B","PRMT1, CARM1, NTMT1, TRMT112, SIRT7"
"GO:0015171","amino acid transmembrane transporter activity",1.1676248,2,0.005,0.016,0.031,"SLC38A2, SLC6A15, SLC16A10","SLC1A4, SLC1A5, SLC6A6, SLC6A12, SLC7A5, PDPN,
SLC38A3, SLC7A8, SLC6A20, SLC38A4, SLC38A5, SLC43A2, SLC36A1"
"GO:0004721","phosphoprotein phosphatase activity",1.3472593,3,0.005,0.016,0.022,"DLG1, MTM1, PPP1CC, PPP2R5A, PTPN11, PTPN12","PPP1CA, PTPA, PPP2R5D, PPP5C, PTPRS, CTDP1, PDXP,
PPM1H, DUSP16, TIMM50"
"GO:1990404","NAD+-protein ADP-ribosyltransferase activity",0.8340177,1,0.005,0.016,0.016,"PARP4, SIRT1, TNKS2","SIRT2, SIRT3, SIRT6, PARP12, PARP10"
"GO:0008092","cytoskeletal protein binding",1.3292157,1,0.005,0.017,0.017,"DLG1, PKD2, ABI1, TOR1AIP1, MYLIP, LIN7C","ALDOA, ANK3, DES, DUSP3, FABP3, FLNC, PKD2L1, RPH3AL,
NEBL, CORO1A, PACSIN3"
"GO:0043495","protein-membrane adaptor activity",1.5637832,10,0.005,0.018,0.043,"LPL, TPR, AKAP6, NUP153, PDCD6, ATG14","MYH9, CIB1, RRAGA, LAMTOR1"
"GO:0004860","protein kinase inhibitor activity",1.5637832,5,0.005,0.019,0.03,"CDKN1B, GMFB, NCK1, NPM1, DNAJC3, TAOK3, GSKIP, MBIP,
DEPTOR, SPRY4, DUSP19","CDKN1A, CDKN1C, SOCS1, SOCS3, MAPK8IP1, GMFG, HEXIM1,
DUS2, AKT1S1"
"GO:0005095","GTPase inhibitor activity",1.3931886,2,0.005,0.02,0.04,"IPO5, IQGAP1, CPEB2","GPS1, PDE6D, RTKN, TNK2"
"GO:0000979","RNA polymerase II core promoter sequence-specific DNA
binding",1.459531,7,0.005,0.02,0.05,"GTF2A1, GTF2B, TAF1, TBPL1, RFX7","HDAC1, RELA, RUVBL2"
"GO:0017134","fibroblast growth factor binding",1.3827135,5,0.005,0.021,0.048,"ITGAV, ITGB3, API5, CEP57","FGFR3, FGFR2, FGFR4, GPC1, RPS2, RPS19, S100A13,
FIBP"
"GO:0016303","1-phosphatidylinositol-3-kinase activity",1.5325075,3,0.005,0.022,0.047,"ATM, PIK3C2A, PIK3C3, PIK3CA, PIK3CB","PIK3C2B, PIK3CD"
"GO:0030515","snoRNA binding",1.3472593,10,0.005,0.024,0.035,"DDX21, NUDT4, NUFIP1, NOP58, SDE2","NUDT1, SNU13, NUDT16L1"
"GO:0019104","DNA N-glycosylase activity",1.9703668,5,0.005,0.024,0.044,"MUTYH, TDG, MBD4, NEIL3, NEIL1","MPG, NTHL1, RPS3, SMUG1"
"GO:0030695","GTPase regulator activity",1.7912425,4,0.005,0.024,0.034,"KRIT1, WASL, IPO7","RALGDS, RGS12, WAS, RUNDC3A, SYDE1, SIRPA"
"GO:0034237","protein kinase A regulatory subunit binding",1.605484,6,0.01,0.028,0.041,"RYR2, AKAP6, PJA2, AKAP9, ARFGEF2, ARFGEF1, GSKIP,
ACBD3","KCNQ1, PRKACA, EZR"
"GO:0030742","GTP-dependent protein binding",1.605484,3,0.005,0.029,0.032,"AP1G1, EEA1, AP3B1, DNM1L, RAPGEF6","RAB5B, RAB32, ARFIP2, PARD6A, HPS6, RAB34"
"GO:0034452","dynactin binding",1.5922156,5,0.005,0.03,0.04,"BBS4, BICD1, GSK3B, PAFAH1B1, SNX5, SNX6, HOOK3","HTT"
"GO:1990459","transferrin receptor binding",1.7514371,3,0.005,0.032,0.044,"CHUK, HFE, SNX2, TF, SNX4","CD81, IKBKG, RGMA"
"GO:0030971","receptor tyrosine kinase binding",1.5051413,2,0.005,0.032,0.04,"ANGPT1, ANGPT2, MST1, NCK1, PCNA, PTPN2, MAP3K7,
CPNE3, SOCS5, DOCK4","DUSP3, ERBB2, GAS6, ITGAX, TP53, HYAL2, SQSTM1,
PITPNM1, ANGPT4, PITPNM2, PITPNM3, FIZ1"
"GO:0017166","vinculin binding",0.9951347,3,0.005,0.032,0.04,"","ACTN1, PXN, TLN1, SORBS3, RTCB"
"GO:0050839","cell adhesion molecule binding",1.0946482,2,0.005,0.034,0.036,"FGG, ITGA4, ITGB1, ITGB3, PTPN11, NLGN1, NPTN, NLGN3,
NLGN4X","ADAM8, ITGAL, ITGB2, ITGB7, JUP, PTPRF, EZR, LILRB2,
PKP3, NTNG1, CDHR2"
"GO:0008233","peptidase activity",1.2314792,2,0.005,0.038,0.046,"CAPN3, CASP3, CASP8, FAP, MMP8, ADAM17, USP1, PREPL,
MASP2, MALT1, USP25, LONP2, LACTB","AZU1, BMP1, CAPN1, TPP1, CTSB, CTSD, CTSG, CTSH, ACE,
LTA4H, MMP9, FURIN, PCSK5, LGMN, MASP1, KLK7, PSMB5, CLPP, PARK7, KLK5,
HTRA2, KLK12, HM13"
"GO:0031994","insulin-like growth factor I binding",1.1941617,1,0.005,0.04,0.04,"IGFBP3, ITGA6, ITGAV, ITGB3","IGF1R, ITGB4"
"GO:0051019","mitogen-activated protein kinase binding",1.5453857,8,0.005,0.041,0.05,"NBR1, PTPRJ, TPR, SIRT1, CDK5RAP3","ABL1, ACE, MAPK7, MICAL2, TNIP1, ATF7, DUSP16"
"GO:0001786","phosphatidylserine binding",1.3268463,2,0.005,0.044,0.046,"SCARB2, HMGB1, APPL1, APPL2, GRAMD1B, SESTD1, OSBPL8,
FCHO2","AXL, SCARB1, GAS6, ANXA9, CPNE1, CD300A, TREM2,
SMPD3, JPH2, PLEKHN1, OSBPL5, CD300LF"
"GO:0005078","MAP-kinase scaffold activity",1.0946482,1,0.005,0.044,0.044,"IQGAP1, DUSP19","MAP2K2, MAPK8IP1, MAPK8IP2"
"GO:0001664","G protein-coupled receptor binding",1.2510265,2,0.005,0.045,0.05,"USP33, ARHGEF12, ARMCX5-GPRASP2","ARRB2, S1PR1, FCN1, FLNA, GNA15, HSPA1A, HSPA1B,
ITGB4, PPY, SAA1, SCT, TULP3, MARCO, PICK1, STUB1, USP20, RSPO1"
"GO:0050431","transforming growth factor beta binding",1.1467743,1,0.005,0.047,0.047,"ITGAV, TGFBR1, TWSG1","ACVRL1, ENG, TGFB3, LTBP4, HYAL2, TSKU, VASN,
WFIKKN1"
"GO:0043236","laminin binding",1.6419723,1,0.005,0.048,0.048,"NID1, ADAM9","ACHE, GPC1, LGALS3, BCAM, LRRC15, SSC5D, AGRN"
"GO:0030371","translation repressor activity",1.6419723,1,0.005,0.048,0.048,"FMR1, SERBP1, PAIP2, NANOS1","CIRBP, EIF4EBP1, EIF4EBP2, IFRD2, DAPL1"
"GO:0003707","nuclear steroid receptor activity",1.3931886,1,0.005,0.048,0.048,"PPARA, NR2C1, PGRMC2","ESR2, PPARD, NR1D1, OR51E2"
